Area fertilzed,,,,Commercial fertilizer,,,,Proportion area fertilized,,,Fertilizer Use ,,,,,,
Consolidated Subdivision,Division No.,Ag subdivision,Year,Number of farms reporting,Acres,Hectares,,Acres,Hectares,,Urea tonnes,,Urea tonnes/acre,,,Urea tonnes in division,
"Argyle No. 1, Saskatchewan [CCS470101001]",1,1,2021,43,"71,684","29,009",,0.002159947,0.002159911,,1487000,,0.04,,,2867.36,
"Mount Pleasant No. 2, Saskatchewan [CCS470101006]",1,6,2021,66,"73,472","29,733",,0.002213822,0.002213817,,1487000,,0.04,,,2938.88,
"Enniskillen No. 3, Saskatchewan [CCS470101011]",1,11,2021,59,"98,349","39,800",,0.002963403,0.002963372,,1487000,,0.04,,,3933.96,
"Coalfields No. 4, Saskatchewan [CCS470101016]",1,16,2021,33,"55,315","22,385",,0.001666724,0.00166671,,1487000,,0.04,,,2212.6,
"Estevan No. 5, Saskatchewan [CCS470101022]",1,22,2021,55,"76,477","30,949",,0.002304367,0.002304357,,1487000,,0.04,,,3059.08,
"Benson No. 35, Saskatchewan [CCS470101027]",1,27,2021,42,"85,248","34,499",,0.00256865,0.002568677,,1487000,,0.04,,,3409.92,
"Browning No. 34, Saskatchewan [CCS470101031]",1,31,2021,63,"148,664","60,162",,0.00447947,0.004479457,,1487000,,0.04,,,5946.56,
"Moose Creek No. 33, Saskatchewan [CCS470101036]",1,36,2021,60,"87,666","35,477",,0.002641508,0.002641496,,1487000,,0.04,,,3506.64,
"Reciprocity No. 32, Saskatchewan [CCS470101039]",1,39,2021,63,"92,701","37,515",,0.002793221,0.002793238,,1487000,,0.04,,,3708.04,
"Storthoaks No. 31, Saskatchewan [CCS470101043]",1,43,2021,50,"96,579","39,084",,0.002910071,0.002910061,,1487000,,0.04,,,3863.16,
"Antler No. 61, Saskatchewan [CCS470101047]",1,47,2021,86,"112,475","45,517",,0.003389041,0.00338904,,1487000,,0.04,,,4499,
"Moose Mountain No. 63, Saskatchewan [CCS470101053]",1,53,2021,70,"104,462","42,274",,0.003147597,0.003147577,,1487000,,0.04,,,4178.48,
"Brock No. 64, Saskatchewan [CCS470101058]",1,58,2021,37,"61,891","25,046",,0.001864869,0.001864839,,1487000,,0.04,,,2475.64,
"Tecumseh No. 65, Saskatchewan [CCS470101063]",1,63,2021,51,"85,486","34,595",,0.002575822,0.002575825,,1487000,,0.04,,,3419.44,
"Golden West No. 95, Saskatchewan [CCS470101069]",1,69,2021,52,"103,155","41,745",,0.003108215,0.00310819,,1487000,,0.04,,,4126.2,
"Hazelwood No. 94, Saskatchewan [CCS470101072]",1,72,2021,35,"39,523","15,994",,0.001190887,0.001190858,,1487000,,0.04,,,1580.92,
"Wawken No. 93, Saskatchewan [CCS470101076]",1,76,2021,55,"66,135","26,764",,0.001992747,0.001992756,,1487000,,0.04,,,2645.4,
"Walpole No. 92, Saskatchewan [CCS470101091]",1,91,2021,55,"90,172","36,491",,0.002717018,0.002716995,,1487000,,0.04,,,3606.88,
"Maryfield No. 91, Saskatchewan [CCS470101094]",1,94,2021,50,"63,746","25,797",,0.001920763,0.001920756,,1487000,,0.04,,,2549.84,
"Moosomin No. 121, Saskatchewan [CCS470105001]",5,1,2021,79,"119,321","48,287",,0.003595321,0.003595285,,1487000,,0.04,,,4772.84,
"Martin No. 122, Saskatchewan [CCS470105007]",5,7,2021,41,"51,131","20,692",,0.001540654,0.001540655,,1487000,,0.04,,,2045.24,
"Silverwood No. 123, Saskatchewan [CCS470105011]",5,11,2021,65,"115,463","46,726",,0.003479074,0.003479058,,1487000,,0.04,,,4618.52,
"Kingsley No. 124, Saskatchewan [CCS470105014]",5,14,2021,64,"98,015","39,665",,0.002953339,0.00295332,,1487000,,0.04,,,3920.6,
"Chester No. 125, Saskatchewan [CCS470105018]",5,18,2021,82,"138,922","56,220",,0.004185929,0.004185949,,1487000,,0.04,,,5556.88,
"Wolseley No. 155, Saskatchewan [CCS470105027]",5,27,2021,71,"104,293","42,206",,0.003142505,0.003142514,,1487000,,0.04,,,4171.72,
"Elcapo No. 154, Saskatchewan [CCS470105028]",5,28,2021,78,"114,289","46,251",,0.0034437,0.003443691,,1487000,,0.04,,,4571.56,
"Willowdale No. 153, Saskatchewan [CCS470105033]",5,33,2021,42,"28,428","11,504",,0.000856578,0.000856548,,1487000,,0.04,,,1137.12,
"Rocanville No. 151, Saskatchewan [CCS470105037]",5,37,2021,70,"86,750","35,106",,0.002613908,0.002613873,,1487000,,0.04,,,3470,
"Spy Hill No. 152, Saskatchewan [CCS470105041]",5,41,2021,41,"81,324","32,911",,0.002450414,0.00245044,,1487000,,0.04,,,3252.96,
"Langenburg No. 181, Saskatchewan [CCS470105047]",5,47,2021,71,"144,417","58,443",,0.004351501,0.004351466,,1487000,,0.04,,,5776.68,
"Fertile Belt No. 183, Saskatchewan [CCS470105051]",5,51,2021,82,"147,323","59,620",,0.004439064,0.004439101,,1487000,,0.04,,,5892.92,
"Grayson No. 184, Saskatchewan [CCS470105057]",5,57,2021,62,"72,641","29,397",,0.002188783,0.0021888,,1487000,,0.04,,,2905.64,
"McLeod No. 185, Saskatchewan [CCS470105063]",5,63,2021,124,"163,867","66,315",,0.004937559,0.004937588,,1487000,,0.04,,,6554.68,
"Stanley No. 215, Saskatchewan [CCS470105067]",5,67,2021,83,"101,175","40,944",,0.003048555,0.00304855,,1487000,,0.04,,,4047,
"Cana No. 214, Saskatchewan [CCS470105073]",5,73,2021,97,"76,972","31,149",,0.002319282,0.002319248,,1487000,,0.04,,,3078.88,
"Saltcoats No. 213, Saskatchewan [CCS470105077]",5,77,2021,80,"92,653","37,495",,0.002791774,0.002791749,,1487000,,0.04,,,3706.12,
"Churchbridge No. 211, Saskatchewan [CCS470105093]",5,93,2021,103,"145,996","59,082",,0.004399079,0.004399043,,1487000,,0.04,,,5839.84,
"Calder No. 241, Saskatchewan [CCS470109001]",9,1,2021,75,"80,655","32,640",,0.002430256,0.002430263,,1487000,,0.04,,,3226.2,
"Wallace No. 243, Saskatchewan [CCS470109006]",9,6,2021,90,"136,837","55,376",,0.004123105,0.004123107,,1487000,,0.04,,,5473.48,
"Orkney No. 244, Saskatchewan [CCS470109011]",9,11,2021,129,"107,028","43,313",,0.003224915,0.003224938,,1487000,,0.04,,,4281.12,
"Garry No. 245, Saskatchewan [CCS470109019]",9,19,2021,68,"84,403","34,157",,0.002543189,0.002543213,,1487000,,0.04,,,3376.12,
"Insinger No. 275, Saskatchewan [CCS470109023]",9,23,2021,69,"77,535","31,377",,0.002336246,0.002336224,,1487000,,0.04,,,3101.4,
"Good Lake No. 274, Saskatchewan [CCS470109029]",9,29,2021,67,"87,969","35,600",,0.002650638,0.002650654,,1487000,,0.04,,,3518.76,
"Sliding Hills No. 273, Saskatchewan [CCS470109033]",9,33,2021,54,"77,862","31,510",,0.002346099,0.002346127,,1487000,,0.04,,,3114.48,
"Cote No. 271, Saskatchewan [CCS470109037]",9,37,2021,51,"125,223","50,676",,0.003773157,0.003773161,,1487000,,0.04,,,5008.92,
"St. Philips No. 301, Saskatchewan [CCS470109042]",9,42,2021,49,"44,894","18,168",,0.001352724,0.001352727,,1487000,,0.04,,,1795.76,
"Keys No. 303, Saskatchewan [CCS470109046]",9,46,2021,51,"127,462","51,582",,0.003840622,0.003840619,,1487000,,0.04,,,5098.48,
"Buchanan No. 304, Saskatchewan [CCS470109049]",9,49,2021,78,"102,635","41,535",,0.003092547,0.003092554,,1487000,,0.04,,,4105.4,
"Invermay No. 305, Saskatchewan [CCS470109054]",9,54,2021,66,"97,281","39,368",,0.002931223,0.002931207,,1487000,,0.04,,,3891.24,
"Hazel Dell No. 335, Saskatchewan [CCS470109060]",9,60,2021,70,"58,758","23,779",,0.001770467,0.001770503,,1487000,,0.04,,,2350.32,
"Preeceville No. 334, Saskatchewan [CCS470109062]",9,62,2021,114,"85,602","34,642",,0.002579317,0.002579325,,1487000,,0.04,,,3424.08,
"Clayton No. 333, Saskatchewan [CCS470109067]",9,67,2021,129,"163,733","66,260",,0.004933522,0.004933493,,1487000,,0.04,,,6549.32,
"Livingston No. 331, Saskatchewan [CCS470109075]",9,75,2021,58,"69,529","28,137",,0.002095013,0.002094985,,1487000,,0.04,,,2781.16,
"Ituna Bon Accord No. 246, Saskatchewan [CCS470110003]",10,3,2021,79,"103,208","41,767",,0.003109812,0.003109828,,1487000,,0.04,,,4128.32,
"Kellross No. 247, Saskatchewan [CCS470110008]",10,8,2021,81,"101,304","40,996",,0.003052442,0.003052422,,1487000,,0.04,,,4052.16,
"Touchwood No. 248, Saskatchewan [CCS470110014]",10,14,2021,52,"59,105","23,919",,0.001780923,0.001780927,,1487000,,0.04,,,2364.2,
"Mount Hope No. 279, Saskatchewan [CCS470110024]",10,24,2021,130,"187,046","75,695",,0.005635977,0.005635991,,1487000,,0.04,,,7481.84,
"Emerald No. 277, Saskatchewan [CCS470110031]",10,31,2021,85,"109,504","44,315",,0.00329952,0.003299543,,1487000,,0.04,,,4380.16,
"Foam Lake No. 276, Saskatchewan [CCS470110036]",10,36,2021,118,"167,717","67,873",,0.005053566,0.005053591,,1487000,,0.04,,,6708.68,
"Elfros No. 307, Saskatchewan [CCS470110041]",10,41,2021,64,"88,463","35,800",,0.002665523,0.002665545,,1487000,,0.04,,,3538.52,
"Big Quill No. 308, Saskatchewan [CCS470110046]",10,46,2021,78,"150,992","61,104",,0.004549616,0.004549595,,1487000,,0.04,,,6039.68,
"Prairie Rose No. 309, Saskatchewan [CCS470110052]",10,52,2021,41,"100,087","40,504",,0.003015772,0.003015789,,1487000,,0.04,,,4003.48,
"Leroy No. 339, Saskatchewan [CCS470110056]",10,56,2021,77,"162,641","65,818",,0.004900618,0.004900583,,1487000,,0.04,,,6505.64,
"Lakeside No. 338, Saskatchewan [CCS470110061]",10,61,2021,54,"125,720","50,877",,0.003788133,0.003788127,,1487000,,0.04,,,5028.8,
"Lakeview No. 337, Saskatchewan [CCS470110066]",10,66,2021,60,"119,232","48,251",,0.00359264,0.003592604,,1487000,,0.04,,,4769.28,
"Sasman No. 336, Saskatchewan [CCS470110071]",10,71,2021,95,"147,725","59,782",,0.004451176,0.004451163,,1487000,,0.04,,,5909,
"Cambria No. 6, Saskatchewan [CCS470202001]",2,1,2021,54,"133,897","54,186",,0.004034518,0.004034504,,1487000,,0.04,,,5355.88,
"Souris Valley No. 7, Saskatchewan [CCS470202006]",2,6,2021,53,"123,968","50,168",,0.003735342,0.003735338,,1487000,,0.04,,,4958.72,
"Lake Alma No. 8, Saskatchewan [CCS470202011]",2,11,2021,53,"52,441","21,222",,0.001580126,0.001580117,,1487000,,0.04,,,2097.64,
"Surprise Valley No. 9, Saskatchewan [CCS470202014]",2,14,2021,42,"54,036","21,868",,0.001628186,0.001628216,,1487000,,0.04,,,2161.44,
"Happy Valley No. 10, Saskatchewan [CCS470202018]",2,18,2021,24,"31,121","12,594",,0.000937723,0.000937706,,1487000,,0.04,,,1244.84,
"Bengough No. 40, Saskatchewan [CCS470202024]",2,24,2021,40,"50,155","20,297",,0.001511246,0.001511245,,1487000,,0.04,,,2006.2,
"The Gap No. 39, Saskatchewan [CCS470202026]",2,26,2021,52,"105,122","42,541",,0.003167484,0.003167457,,1487000,,0.04,,,4204.88,
"Laurier No. 38, Saskatchewan [CCS470202029]",2,29,2021,66,"110,464","44,703",,0.003328447,0.003328432,,1487000,,0.04,,,4418.56,
"Lomond No. 37, Saskatchewan [CCS470202033]",2,33,2021,43,"77,840","31,501",,0.002345436,0.002345457,,1487000,,0.04,,,3113.6,
"Cymri No. 36, Saskatchewan [CCS470202037]",2,37,2021,49,"133,435","53,999",,0.004020597,0.004020581,,1487000,,0.04,,,5337.4,
"Griffin No. 66, Saskatchewan [CCS470202042]",2,42,2021,51,"111,366","45,068",,0.003355625,0.003355609,,1487000,,0.04,,,4454.64,
"Weyburn No. 67, Saskatchewan [CCS470202044]",2,44,2021,91,"171,851","69,546",,0.005178129,0.005178157,,1487000,,0.04,,,6874.04,
"Brokenshell No. 68, Saskatchewan [CCS470202051]",2,51,2021,32,"40,878","16,543",,0.001231716,0.001231735,,1487000,,0.04,,,1635.12,
"Norton No. 69, Saskatchewan [CCS470202052]",2,52,2021,44,"77,415","31,329",,0.00233263,0.00233265,,1487000,,0.04,,,3096.6,
"Key West No. 70, Saskatchewan [CCS470202057]",2,57,2021,48,"79,423","32,141",,0.002393134,0.002393109,,1487000,,0.04,,,3176.92,
"Elmsthorpe No. 100, Saskatchewan [CCS470202061]",2,61,2021,48,"105,545","42,713",,0.00318023,0.003180264,,1487000,,0.04,,,4221.8,
"Caledonia No. 99, Saskatchewan [CCS470202066]",2,66,2021,42,"89,050","36,037",,0.00268321,0.002683192,,1487000,,0.04,,,3562,
"Scott No. 98, Saskatchewan [CCS470202069]",2,69,2021,69,"191,283","77,409",,0.005763645,0.005763609,,1487000,,0.04,,,7651.32,
"Wellington No. 97, Saskatchewan [CCS470202073]",2,73,2021,48,"95,814","38,775",,0.00288702,0.002887054,,1487000,,0.04,,,3832.56,
"Fillmore No. 96, Saskatchewan [CCS470202076]",2,76,2021,52,"70,513","28,536",,0.002124663,0.002124693,,1487000,,0.04,,,2820.52,
"Montmartre No. 126, Saskatchewan [CCS470206001]",6,1,2021,103,"152,595","61,753",,0.004597917,0.004597917,,1487000,,0.04,,,6103.8,
"Francis No. 127, Saskatchewan [CCS470206004]",6,4,2021,120,"185,944","75,249",,0.005602772,0.005602783,,1487000,,0.04,,,7437.76,
"Lajord No. 128, Saskatchewan [CCS470206011]",6,11,2021,77,"237,079","95,942",,0.007143547,0.007143513,,1487000,,0.04,,,9483.16,
"Bratt's Lake No. 129, Saskatchewan [CCS470206013]",6,13,2021,64,"111,263","45,027",,0.003352522,0.003352556,,1487000,,0.04,,,4450.52,
"Redburn No. 130, Saskatchewan [CCS470206016]",6,16,2021,77,"194,387","78,666",,0.005857173,0.005857201,,1487000,,0.04,,,7775.48,
"Pense No. 160, Saskatchewan [CCS470206021]",6,21,2021,56,"142,832","57,802",,0.004303743,0.004303739,,1487000,,0.04,,,5713.28,
"Sherwood No. 159, Saskatchewan [CCS470206026]",6,26,2021,101,"186,008","75,275",,0.005604701,0.005604719,,1487000,,0.04,,,7440.32,
"Edenwold No. 158, Saskatchewan [CCS470206029]",6,29,2021,148,"146,630","59,339",,0.004418182,0.004418179,,1487000,,0.04,,,5865.2,
"South Qu'Appelle No. 157, Saskatchewan [CCS470206034]",6,34,2021,102,"113,443","45,909",,0.003418208,0.003418227,,1487000,,0.04,,,4537.72,
"Indian Head No. 156, Saskatchewan [CCS470206038]",6,38,2021,38,"109,514","44,319",,0.003299822,0.003299841,,1487000,,0.04,,,4380.56,
"Abernethy No. 186, Saskatchewan [CCS470206042]",6,42,2021,79,"98,814","39,989",,0.002977414,0.002977444,,1487000,,0.04,,,3952.56,
"North Qu'Appelle No. 187, Saskatchewan [CCS470206048]",6,48,2021,35,"72,527","29,351",,0.002185348,0.002185375,,1487000,,0.04,,,2901.08,
"Lumsden No. 189, Saskatchewan [CCS470206053]",6,53,2021,76,"115,809","46,866",,0.003489499,0.003489482,,1487000,,0.04,,,4632.36,
"Dufferin No. 190, Saskatchewan [CCS470206059]",6,59,2021,65,"101,774","41,186",,0.003066604,0.003066569,,1487000,,0.04,,,4070.96,
"Sarnia No. 221, Saskatchewan [CCS470206063]",6,63,2021,70,"126,767","51,301",,0.00381968,0.003819697,,1487000,,0.04,,,5070.68,
"Longlaketon No. 219, Saskatchewan [CCS470206070]",6,70,2021,124,"150,881","61,059",,0.004546272,0.004546244,,1487000,,0.04,,,6035.24,
"McKillop No. 220, Saskatchewan [CCS470206071]",6,71,2021,59,"117,640","47,607",,0.00354467,0.003544654,,1487000,,0.04,,,4705.6,
"Cupar No. 218, Saskatchewan [CCS470206091]",6,91,2021,100,"132,917","53,790",,0.004004989,0.004005019,,1487000,,0.04,,,5316.68,
"Lipton No. 217, Saskatchewan [CCS470206096]",6,96,2021,66,"113,367","45,878",,0.003415918,0.003415919,,1487000,,0.04,,,4534.68,
"Tullymet No. 216, Saskatchewan [CCS470206099]",6,99,2021,49,"53,375","21,600",,0.001608269,0.001608262,,1487000,,0.04,,,2135,
"Hart Butte No. 11, Saskatchewan [CCS470303001]",3,1,2021,61,"98,060","39,683",,0.002954695,0.00295466,,1487000,,0.04,,,3922.4,
"Poplar Valley No. 12, Saskatchewan [CCS470303006]",3,6,2021,53,"79,460","32,156",,0.002394249,0.002394226,,1487000,,0.04,,,3178.4,
"Old Post No. 43, Saskatchewan [CCS470303011]",3,11,2021,62,"76,767","31,066",,0.002313105,0.002313068,,1487000,,0.04,,,3070.68,
"Glen McPherson No. 46, Saskatchewan [CCS470303016]",3,16,2021,19,"23,852","9,653",,0.000718697,0.000718729,,1487000,,0.04,,,954.08,
"Mankota No. 45, Saskatchewan [CCS470303018]",3,18,2021,72,"109,064","44,137",,0.003286262,0.00328629,,1487000,,0.04,,,4362.56,
"Waverley No. 44, Saskatchewan [CCS470303022]",3,22,2021,41,"51,035","20,653",,0.001537761,0.001537752,,1487000,,0.04,,,2041.4,
"Willow Bunch No. 42, Saskatchewan [CCS470303026]",3,26,2021,70,"115,175","46,610",,0.003470396,0.003470421,,1487000,,0.04,,,4607,
"Excel No. 71, Saskatchewan [CCS470303029]",3,29,2021,75,"137,846","55,784",,0.004153507,0.004153486,,1487000,,0.04,,,5513.84,
"Lake of the Rivers No. 72, Saskatchewan [CCS470303034]",3,34,2021,75,"136,545","55,258",,0.004114306,0.004114322,,1487000,,0.04,,,5461.8,
"Stonehenge No. 73, Saskatchewan [CCS470303038]",3,38,2021,88,"183,234","74,152",,0.005521116,0.005521104,,1487000,,0.04,,,7329.36,
"Wood River No. 74, Saskatchewan [CCS470303042]",3,42,2021,71,"135,409","54,798",,0.004080077,0.004080071,,1487000,,0.04,,,5416.36,
"Pinto Creek No. 75, Saskatchewan [CCS470303048]",3,48,2021,68,"192,124","77,750",,0.005788985,0.005788999,,1487000,,0.04,,,7684.96,
"Auvergne No. 76, Saskatchewan [CCS470303054]",3,54,2021,59,"98,427","39,832",,0.002965754,0.002965754,,1487000,,0.04,,,3937.08,
"Whiska Creek No. 106, Saskatchewan [CCS470303059]",3,59,2021,65,"123,633","50,032",,0.003725248,0.003725211,,1487000,,0.04,,,4945.32,
"Glen Bain No. 105, Saskatchewan [CCS470303064]",3,64,2021,69,"96,974","39,244",,0.002921973,0.002921974,,1487000,,0.04,,,3878.96,
"Gravelbourg No. 104, Saskatchewan [CCS470303068]",3,68,2021,89,"148,498","60,095",,0.004474468,0.004474468,,1487000,,0.04,,,5939.92,
"Sutton No. 103, Saskatchewan [CCS470303074]",3,74,2021,54,"132,053","53,440",,0.003978956,0.003978959,,1487000,,0.04,,,5282.12,
"Lake Johnston No. 102, Saskatchewan [CCS470303093]",3,93,2021,32,"73,063","29,568",,0.002201498,0.002201532,,1487000,,0.04,,,2922.52,
"Terrell No. 101, Saskatchewan [CCS470303096]",3,96,2021,35,"47,519","19,230",,0.001431819,0.0014318,,1487000,,0.04,,,1900.76,
"Val Marie No. 17, Saskatchewan [CCS470304003]",4,3,2021,62,"151,147","61,167",,0.004554287,0.004554285,,1487000,,0.04,,,6045.88,
"Lone Tree No. 18, Saskatchewan [CCS470304006]",4,6,2021,40,"104,422","42,258",,0.003146392,0.003146386,,1487000,,0.04,,,4176.88,
"Frontier No. 19, Saskatchewan [CCS470304011]",4,11,2021,51,"137,618","55,692",,0.004146637,0.004146636,,1487000,,0.04,,,5504.72,
"Reno No. 51, Saskatchewan [CCS470304019]",4,19,2021,52,"80,488","32,572",,0.002425225,0.0024252,,1487000,,0.04,,,3219.52,
"White Valley No. 49, Saskatchewan [CCS470304024]",4,24,2021,105,"177,987","72,029",,0.005363016,0.005363033,,1487000,,0.04,,,7119.48,
"Wise Creek No. 77, Saskatchewan [CCS470304028]",4,28,2021,43,"78,556","31,790",,0.00236701,0.002366975,,1487000,,0.04,,,3142.24,
"Grassy Creek No. 78, Saskatchewan [CCS470304034]",4,34,2021,51,"122,064","49,398",,0.003677972,0.003678006,,1487000,,0.04,,,4882.56,
"Arlington No. 79, Saskatchewan [CCS470304038]",4,38,2021,34,"70,509","28,534",,0.002124542,0.002124544,,1487000,,0.04,,,2820.36,
"Maple Creek No. 111, Saskatchewan [CCS470304045]",4,45,2021,86,"92,002","37,232",,0.002772159,0.002772167,,1487000,,0.04,,,3680.08,
"Piapot No. 110, Saskatchewan [CCS470304050]",4,50,2021,49,"34,760","14,067",,0.001047371,0.001047381,,1487000,,0.04,,,1390.4,
"Carmichael No. 109, Saskatchewan [CCS470304054]",4,54,2021,45,"79,736","32,268",,0.002402566,0.002402565,,1487000,,0.04,,,3189.44,
"Bone Creek No. 108, Saskatchewan [CCS470304058]",4,58,2021,49,"99,182","40,138",,0.002988503,0.002988538,,1487000,,0.04,,,3967.28,
"Lac Pelletier No. 107, Saskatchewan [CCS470304061]",4,61,2021,63,"195,509","79,120",,0.00589098,0.005891004,,1487000,,0.04,,,7820.36,
"Baildon No. 131, Saskatchewan [CCS470307001]",7,1,2021,59,"143,725","58,163",,0.00433065,0.004330618,,1487000,,0.04,,,5749,
"Hillsborough No. 132, Saskatchewan [CCS470307004]",7,4,2021,15,"15,545","6,291",,0.000468394,0.000468406,,1487000,,0.04,,,621.8,
"Rodgers No. 133, Saskatchewan [CCS470307006]",7,6,2021,30,"74,814","30,276",,0.002254258,0.002254247,,1487000,,0.04,,,2992.56,
"Shamrock No. 134, Saskatchewan [CCS470307011]",7,11,2021,37,"63,137","25,551",,0.001902413,0.00190244,,1487000,,0.04,,,2525.48,
"Lawtonia No. 135, Saskatchewan [CCS470307014]",7,14,2021,62,"125,941","50,967",,0.003794792,0.003794828,,1487000,,0.04,,,5037.64,
"Coulee No. 136, Saskatchewan [CCS470307018]",7,18,2021,77,"117,736","47,646",,0.003547563,0.003547558,,1487000,,0.04,,,4709.44,
"Excelsior No. 166, Saskatchewan [CCS470307021]",7,21,2021,91,"148,868","60,245",,0.004485617,0.004485636,,1487000,,0.04,,,5954.72,
"Morse No. 165, Saskatchewan [CCS470307024]",7,24,2021,80,"120,572","48,794",,0.003633016,0.003633034,,1487000,,0.04,,,4822.88,
"Chaplin No. 164, Saskatchewan [CCS470307029]",7,29,2021,21,"29,935","12,114",,0.000901987,0.000901967,,1487000,,0.04,,,1197.4,
"Wheatlands No. 163, Saskatchewan [CCS470307032]",7,32,2021,42,"62,473","25,282",,0.001882405,0.001882411,,1487000,,0.04,,,2498.92,
"Caron No. 162, Saskatchewan [CCS470307036]",7,36,2021,31,"67,076","27,145",,0.002021101,0.002021124,,1487000,,0.04,,,2683.04,
"Moose Jaw No. 161, Saskatchewan [CCS470307038]",7,38,2021,116,"178,272","72,144",,0.005371604,0.005371595,,1487000,,0.04,,,7130.88,
"Marquis No. 191, Saskatchewan [CCS470307042]",7,42,2021,51,"146,354","59,227",,0.004409866,0.00440984,,1487000,,0.04,,,5854.16,
"Eyebrow No. 193, Saskatchewan [CCS470307047]",7,47,2021,58,"120,473","48,754",,0.003630033,0.003630056,,1487000,,0.04,,,4818.92,
"Enfield No. 194, Saskatchewan [CCS470307053]",7,53,2021,64,"105,844","42,834",,0.003189239,0.003189273,,1487000,,0.04,,,4233.76,
"Canaan No. 225, Saskatchewan [CCS470307058]",7,58,2021,43,"85,869","34,750",,0.002587362,0.002587366,,1487000,,0.04,,,3434.76,
"Victory No. 226, Saskatchewan [CCS470307063]",7,63,2021,74,"121,542","49,186",,0.003662243,0.003662221,,1487000,,0.04,,,4861.68,
"King George No. 256, Saskatchewan [CCS470307066]",7,66,2021,36,"59,854","24,222",,0.001803491,0.001803487,,1487000,,0.04,,,2394.16,
"Coteau No. 255, Saskatchewan [CCS470307067]",7,67,2021,61,"104,371","42,237",,0.003144855,0.003144822,,1487000,,0.04,,,4174.84,
"Maple Bush No. 224, Saskatchewan [CCS470307071]",7,71,2021,30,"54,568","22,083",,0.001644216,0.001644225,,1487000,,0.04,,,2182.72,
"Huron No. 223, Saskatchewan [CCS470307076]",7,76,2021,34,"72,570","29,368",,0.002186643,0.002186641,,1487000,,0.04,,,2902.8,
"Craik No. 222, Saskatchewan [CCS470307091]",7,91,2021,66,"131,415","53,182",,0.003959732,0.00395975,,1487000,,0.04,,,5256.6,
"Swift Current No. 137, Saskatchewan [CCS470308001]",8,1,2021,181,"282,485","114,318",,0.008511698,0.008511727,,1487000,,0.04,,,11299.4,
"Webb No. 138, Saskatchewan [CCS470308006]",8,6,2021,76,"158,001","63,941",,0.004760808,0.004760828,,1487000,,0.04,,,6320.04,
"Gull Lake No. 139, Saskatchewan [CCS470308009]",8,9,2021,38,"48,565","19,654",,0.001463337,0.00146337,,1487000,,0.04,,,1942.6,
"Big Stick No. 141, Saskatchewan [CCS470308016]",8,16,2021,44,"53,980","21,845",,0.001626499,0.001626504,,1487000,,0.04,,,2159.2,
"Enterprise No. 142, Saskatchewan [CCS470308021]",8,21,2021,55,"128,391","51,958",,0.003868614,0.003868615,,1487000,,0.04,,,5135.64,
"Fox Valley No. 171, Saskatchewan [CCS470308024]",8,24,2021,87,"138,847","56,189",,0.004183669,0.004183641,,1487000,,0.04,,,5553.88,
"Pittville No. 169, Saskatchewan [CCS470308028]",8,28,2021,62,"96,074","38,880",,0.002894854,0.002894872,,1487000,,0.04,,,3842.96,
"Riverside No. 168, Saskatchewan [CCS470308031]",8,31,2021,106,"205,651","83,224",,0.006196574,0.006196574,,1487000,,0.04,,,8226.04,
"Saskatchewan Landing No. 167, Saskatchewan [CCS470308038]",8,38,2021,50,"126,435","51,166",,0.003809677,0.003809645,,1487000,,0.04,,,5057.4,
"Lacadena No. 228, Saskatchewan [CCS470308042]",8,42,2021,130,"261,053","105,644",,0.00786592,0.007865891,,1487000,,0.04,,,10442.12,
"Miry Creek No. 229, Saskatchewan [CCS470308046]",8,46,2021,97,"199,878","80,888",,0.006022625,0.006022644,,1487000,,0.04,,,7995.12,
"Clinworth No. 230, Saskatchewan [CCS470308053]",8,53,2021,68,"105,090","42,528",,0.00316652,0.003166489,,1487000,,0.04,,,4203.6,
"Happyland No. 231, Saskatchewan [CCS470308056]",8,56,2021,120,"218,704","88,506",,0.006589881,0.006589854,,1487000,,0.04,,,8748.16,
"Deer Forks No. 232, Saskatchewan [CCS470308061]",8,61,2021,33,"74,775","30,260",,0.002253083,0.002253056,,1487000,,0.04,,,2991,
"Chesterfield No. 261, Saskatchewan [CCS470308065]",8,65,2021,94,"150,294","60,822",,0.004528584,0.004528598,,1487000,,0.04,,,6011.76,
"Newcombe No. 260, Saskatchewan [CCS470308071]",8,71,2021,49,"90,257","36,526",,0.002719579,0.002719601,,1487000,,0.04,,,3610.28,
"Snipe Lake No. 259, Saskatchewan [CCS470308074]",8,74,2021,146,"278,794","112,824",,0.008400483,0.008400489,,1487000,,0.04,,,11151.76,
"Monet No. 257, Saskatchewan [CCS470308092]",8,92,2021,111,"259,395","104,973",,0.007815962,0.00781593,,1487000,,0.04,,,10375.8,
"Last Mountain Valley No. 250, Saskatchewan [CCS470411003]",11,3,2021,54,"104,169","42,156",,0.003138769,0.003138791,,1487000,,0.04,,,4166.76,
"Big Arm No. 251, Saskatchewan [CCS470411006]",11,6,2021,70,"159,940","64,725",,0.004819233,0.004819202,,1487000,,0.04,,,6397.6,
"Arm River No. 252, Saskatchewan [CCS470411011]",11,11,2021,47,"91,306","36,950",,0.002751187,0.002751171,,1487000,,0.04,,,3652.24,
"Willner No. 253, Saskatchewan [CCS470411016]",11,16,2021,51,"123,514","49,984",,0.003721663,0.003721638,,1487000,,0.04,,,4940.56,
"Loreburn No. 254, Saskatchewan [CCS470411018]",11,18,2021,76,"170,593","69,037",,0.005140224,0.005140259,,1487000,,0.04,,,6823.72,
"Rudy No. 284, Saskatchewan [CCS470411026]",11,26,2021,98,"92,929","37,607",,0.002800091,0.002800088,,1487000,,0.04,,,3717.16,
"Rosedale No. 283, Saskatchewan [CCS470411031]",11,31,2021,64,"169,843","68,733",,0.005117625,0.005117624,,1487000,,0.04,,,6793.72,
"McCraney No. 282, Saskatchewan [CCS470411034]",11,34,2021,69,"137,016","55,448",,0.004128498,0.004128468,,1487000,,0.04,,,5480.64,
"Wood Creek No. 281, Saskatchewan [CCS470411039]",11,39,2021,64,"128,165","51,867",,0.003861804,0.003861839,,1487000,,0.04,,,5126.6,
"Wreford No. 280, Saskatchewan [CCS470411042]",11,42,2021,48,"56,568","22,892",,0.001704479,0.00170446,,1487000,,0.04,,,2262.72,
"Usborne No. 310, Saskatchewan [CCS470411046]",11,46,2021,61,"92,058","37,255",,0.002773846,0.00277388,,1487000,,0.04,,,3682.32,
"Morris No. 312, Saskatchewan [CCS470411052]",11,52,2021,75,"166,395","67,338",,0.005013732,0.005013757,,1487000,,0.04,,,6655.8,
"Lost River No. 313, Saskatchewan [CCS470411059]",11,59,2021,36,"88,908","35,980",,0.002678932,0.002678948,,1487000,,0.04,,,3556.32,
"Dundurn No. 314, Saskatchewan [CCS470411061]",11,61,2021,40,"47,569","19,250",,0.001433326,0.001433289,,1487000,,0.04,,,1902.76,
"Corman Park No. 344, Saskatchewan [CCS470411065]",11,65,2021,232,"222,351","89,982",,0.00669977,0.006699752,,1487000,,0.04,,,8894.04,
"Saskatoon, Saskatchewan [CCS470411066]",11,66,2021,57,"39,863","16,132",,0.001201132,0.001201133,,1487000,,0.04,,,1594.52,
"Blucher No. 343, Saskatchewan [CCS470411069]",11,69,2021,71,"106,721","43,188",,0.003215664,0.003215631,,1487000,,0.04,,,4268.84,
"Colonsay No. 342, Saskatchewan [CCS470411076]",11,76,2021,52,"73,288","29,659",,0.002208278,0.002208308,,1487000,,0.04,,,2931.52,
"Viscount No. 341, Saskatchewan [CCS470411091]",11,91,2021,75,"98,598","39,901",,0.002970906,0.002970892,,1487000,,0.04,,,3943.92,
"Wolverine No. 340, Saskatchewan [CCS470411096]",11,96,2021,73,"90,023","36,431",,0.002712528,0.002712528,,1487000,,0.04,,,3600.92,
"Pleasant Valley No. 288, Saskatchewan [CCS470412001]",12,1,2021,50,"117,291","47,466",,0.003534154,0.003534156,,1487000,,0.04,,,4691.64,
"St. Andrews No. 287, Saskatchewan [CCS470412004]",12,4,2021,103,"174,113","70,461",,0.005246287,0.005246285,,1487000,,0.04,,,6964.52,
"Milden No. 286, Saskatchewan [CCS470412011]",12,11,2021,54,"112,923","45,698",,0.00340254,0.003402517,,1487000,,0.04,,,4516.92,
"Fertile Valley No. 285, Saskatchewan [CCS470412020]",12,20,2021,88,"144,056","58,297",,0.004340624,0.004340595,,1487000,,0.04,,,5762.24,
"Montrose No. 315, Saskatchewan [CCS470412026]",12,26,2021,48,"68,742","27,819",,0.0020713,0.002071308,,1487000,,0.04,,,2749.68,
"Harris No. 316, Saskatchewan [CCS470412029]",12,29,2021,36,"65,931","26,681",,0.0019866,0.001986576,,1487000,,0.04,,,2637.24,
"Marriott No. 317, Saskatchewan [CCS470412034]",12,34,2021,69,"147,416","59,657",,0.004441866,0.004441856,,1487000,,0.04,,,5896.64,
"Mountain View No. 318, Saskatchewan [CCS470412038]",12,38,2021,63,"120,068","48,590",,0.003617829,0.003617845,,1487000,,0.04,,,4802.72,
"Biggar No. 347, Saskatchewan [CCS470412042]",12,42,2021,123,"257,457","104,189",,0.007757567,0.007757556,,1487000,,0.04,,,10298.28,
"Perdue No. 346, Saskatchewan [CCS470412050]",12,50,2021,36,"68,501","27,721",,0.002064038,0.002064011,,1487000,,0.04,,,2740.04,
"Vanscoy No. 345, Saskatchewan [CCS470412054]",12,54,2021,84,"143,449","58,052",,0.004322334,0.004322353,,1487000,,0.04,,,5737.96,
"Eagle Creek No. 376, Saskatchewan [CCS470412064]",12,64,2021,38,"71,799","29,056",,0.002163412,0.00216341,,1487000,,0.04,,,2871.96,
"Glenside No. 377, Saskatchewan [CCS470412069]",12,69,2021,38,"55,822","22,590",,0.001682001,0.001681974,,1487000,,0.04,,,2232.88,
"Rosemount No. 378, Saskatchewan [CCS470412072]",12,72,2021,35,"60,928","24,657",,0.001835852,0.001835876,,1487000,,0.04,,,2437.12,
"Battle River No. 438, Saskatchewan [CCS470412078]",12,78,2021,106,"146,962","59,473",,0.004428186,0.004428156,,1487000,,0.04,,,5878.48,
"Kindersley No. 290, Saskatchewan [CCS470413006]",13,6,2021,169,"466,513","188,791",,0.014056739,0.014056732,,1487000,,0.04,,,18660.52,
"Milton No. 292, Saskatchewan [CCS470413011]",13,11,2021,40,"88,023","35,622",,0.002652265,0.002652292,,1487000,,0.04,,,3520.92,
"Antelope Park No. 322, Saskatchewan [CCS470413016]",13,16,2021,17,"25,858","10,464",,0.00077914,0.000779114,,1487000,,0.04,,,1034.32,
"Prairiedale No. 321, Saskatchewan [CCS470413019]",13,19,2021,35,"103,298","41,803",,0.003112524,0.003112508,,1487000,,0.04,,,4131.92,
"Oakdale No. 320, Saskatchewan [CCS470413024]",13,24,2021,53,"98,451","39,842",,0.002966477,0.002966499,,1487000,,0.04,,,3938.04,
"Winslow No. 319, Saskatchewan [CCS470413028]",13,28,2021,93,"197,646","79,984",,0.005955371,0.005955335,,1487000,,0.04,,,7905.84,
"Grandview No. 349, Saskatchewan [CCS470413032]",13,32,2021,62,"117,430","47,522",,0.003538343,0.003538325,,1487000,,0.04,,,4697.2,
"Mariposa No. 350, Saskatchewan [CCS470413038]",13,38,2021,43,"69,006","27,926",,0.002079255,0.002079274,,1487000,,0.04,,,2760.24,
"Progress No. 351, Saskatchewan [CCS470413041]",13,41,2021,79,"161,474","65,346",,0.004865455,0.004865439,,1487000,,0.04,,,6458.96,
"Heart's Hill No. 352, Saskatchewan [CCS470413046]",13,46,2021,46,"102,703","41,562",,0.003094596,0.003094564,,1487000,,0.04,,,4108.12,
"Eye Hill No. 382, Saskatchewan [CCS470413049]",13,49,2021,90,"154,377","62,474",,0.004651611,0.0046516,,1487000,,0.04,,,6175.08,
"Grass Lake No. 381, Saskatchewan [CCS470413056]",13,56,2021,84,"124,278","50,294",,0.003744683,0.003744719,,1487000,,0.04,,,4971.12,
"Tramping Lake No. 380, Saskatchewan [CCS470413059]",13,59,2021,48,"76,992","31,158",,0.002319885,0.002319918,,1487000,,0.04,,,3079.68,
"Reford No. 379, Saskatchewan [CCS470413064]",13,64,2021,78,"109,384","44,266",,0.003295904,0.003295895,,1487000,,0.04,,,4375.36,
"Buffalo No. 409, Saskatchewan [CCS470413068]",13,68,2021,118,"213,083","86,232",,0.006420511,0.00642054,,1487000,,0.04,,,8523.32,
"Round Valley No. 410, Saskatchewan [CCS470413072]",13,72,2021,83,"125,571","50,817",,0.003783643,0.00378366,,1487000,,0.04,,,5022.84,
"Senlac No. 411, Saskatchewan [CCS470413076]",13,76,2021,43,"49,426","20,002",,0.00148928,0.00148928,,1487000,,0.04,,,1977.04,
"Manitou Lake No. 442, Saskatchewan [CCS470413079]",13,79,2021,69,"78,581","31,801",,0.002367764,0.002367794,,1487000,,0.04,,,3143.24,
"Hillsdale No. 440, Saskatchewan [CCS470413092]",13,92,2021,66,"83,830","33,925",,0.002525924,0.002525939,,1487000,,0.04,,,3353.2,
"Cut Knife No. 439, Saskatchewan [CCS470413096]",13,96,2021,57,"123,874","50,130",,0.00373251,0.003732508,,1487000,,0.04,,,4954.96,
"Hudson Bay No. 394, Saskatchewan [CCS470514001]",14,1,2021,63,"97,046","39,273",,0.002924142,0.002924133,,1487000,,0.04,,,3881.84,
"Porcupine No. 395, Saskatchewan [CCS470514006]",14,6,2021,117,"169,426","68,564",,0.00510506,0.005105041,,1487000,,0.04,,,6777.04,
"Kelvington No. 366, Saskatchewan [CCS470514021]",14,21,2021,76,"91,738","37,125",,0.002764204,0.0027642,,1487000,,0.04,,,3669.52,
"Ponass Lake No. 367, Saskatchewan [CCS470514023]",14,23,2021,79,"120,717","48,852",,0.003637385,0.003637353,,1487000,,0.04,,,4828.68,
"Spalding No. 368, Saskatchewan [CCS470514026]",14,26,2021,75,"128,555","52,024",,0.003873556,0.003873529,,1487000,,0.04,,,5142.2,
"Barrier Valley No. 397, Saskatchewan [CCS470514034]",14,34,2021,48,"93,939","38,016",,0.002830523,0.002830541,,1487000,,0.04,,,3757.56,
"Pleasantdale No. 398, Saskatchewan [CCS470514035]",14,35,2021,63,"71,737","29,031",,0.002161544,0.002161549,,1487000,,0.04,,,2869.48,
"Bjorkdale No. 426, Saskatchewan [CCS470514038]",14,38,2021,88,"85,887","34,757",,0.002587905,0.002587887,,1487000,,0.04,,,3435.48,
"Tisdale No. 427, Saskatchewan [CCS470514043]",14,43,2021,114,"156,262","63,237",,0.004708409,0.004708411,,1487000,,0.04,,,6250.48,
"Star City No. 428, Saskatchewan [CCS470514047]",14,47,2021,126,"173,808","70,338",,0.005237097,0.005237127,,1487000,,0.04,,,6952.32,
"Willow Creek No. 458, Saskatchewan [CCS470514053]",14,53,2021,78,"109,694","44,392",,0.003305245,0.003305276,,1487000,,0.04,,,4387.76,
"Connaught No. 457, Saskatchewan [CCS470514056]",14,56,2021,81,"164,974","66,763",,0.004970915,0.004970944,,1487000,,0.04,,,6598.96,
"Arborfield No. 456, Saskatchewan [CCS470514059]",14,59,2021,84,"98,634","39,916",,0.002971991,0.002972009,,1487000,,0.04,,,3945.36,
"Moose Range No. 486, Saskatchewan [CCS470514067]",14,67,2021,162,"213,069","86,226",,0.00642009,0.006420093,,1487000,,0.04,,,8522.76,
"Nipawin No. 487, Saskatchewan [CCS470514072]",14,72,2021,80,"109,097","44,150",,0.003287257,0.003287258,,1487000,,0.04,,,4363.88,
"Torch River No. 488, Saskatchewan [CCS470514077]",14,77,2021,151,"164,897","66,731",,0.004968595,0.004968562,,1487000,,0.04,,,6595.88,
"St. Peter No. 369, Saskatchewan [CCS470615001]",15,1,2021,111,"223,204","90,327",,0.006725472,0.006725439,,1487000,,0.04,,,8928.16,
"Humboldt No. 370, Saskatchewan [CCS470615007]",15,7,2021,112,"160,095","64,788",,0.004823903,0.004823893,,1487000,,0.04,,,6403.8,
"Bayne No. 371, Saskatchewan [CCS470615011]",15,11,2021,94,"148,823","60,227",,0.004484261,0.004484296,,1487000,,0.04,,,5952.92,
"Grant No. 372, Saskatchewan [CCS470615014]",15,14,2021,91,"122,299","49,493",,0.003685053,0.003685079,,1487000,,0.04,,,4891.96,
"Aberdeen No. 373, Saskatchewan [CCS470615018]",15,18,2021,57,"69,949","28,307",,0.002107669,0.002107642,,1487000,,0.04,,,2797.96,
"Laird No. 404, Saskatchewan [CCS470615026]",15,26,2021,89,"132,936","53,797",,0.004005562,0.00400554,,1487000,,0.04,,,5317.44,
"Rosthern No. 403, Saskatchewan [CCS470615031]",15,31,2021,130,"137,975","55,836",,0.004157394,0.004157357,,1487000,,0.04,,,5519,
"Fish Creek No. 402, Saskatchewan [CCS470615036]",15,36,2021,55,"51,172","20,709",,0.001541889,0.001541921,,1487000,,0.04,,,2046.88,
"Hoodoo No. 401, Saskatchewan [CCS470615039]",15,39,2021,98,"131,180","53,087",,0.003952651,0.003952676,,1487000,,0.04,,,5247.2,
"Three Lakes No. 400, Saskatchewan [CCS470615044]",15,44,2021,85,"103,051","41,703",,0.003105082,0.003105063,,1487000,,0.04,,,4122.04,
"Lake Lenore No. 399, Saskatchewan [CCS470615048]",15,48,2021,55,"65,037","26,320",,0.001959663,0.001959697,,1487000,,0.04,,,2601.48,
"Flett's Springs No. 429, Saskatchewan [CCS470615051]",15,51,2021,113,"159,151","64,406",,0.004795459,0.00479545,,1487000,,0.04,,,6366.04,
"Invergordon No. 430, Saskatchewan [CCS470615054]",15,54,2021,93,"117,448","47,530",,0.003538885,0.003538921,,1487000,,0.04,,,4697.92,
"St. Louis No. 431, Saskatchewan [CCS470615057]",15,57,2021,74,"123,558","50,002",,0.003722988,0.003722978,,1487000,,0.04,,,4942.32,
"Duck Lake No. 463, Saskatchewan [CCS470615061]",15,61,2021,46,"41,102","16,633",,0.001238465,0.001238436,,1487000,,0.04,,,1644.08,
"Prince Albert No. 461, Saskatchewan [CCS470615064]",15,64,2021,131,"145,770","58,991",,0.004392269,0.004392268,,1487000,,0.04,,,5830.8,
"Birch Hills No. 460, Saskatchewan [CCS470615067]",15,67,2021,68,"112,781","45,641",,0.003398261,0.003398273,,1487000,,0.04,,,4511.24,
"Kinistino No. 459, Saskatchewan [CCS470615071]",15,71,2021,74,"99,780","40,380",,0.003006522,0.003006557,,1487000,,0.04,,,3991.2,
"Garden River No. 490, Saskatchewan [CCS470615079]",15,79,2021,42,"59,238","23,973",,0.00178493,0.001784948,,1487000,,0.04,,,2369.52,
"Buckland No. 491, Saskatchewan [CCS470615094]",15,94,2021,54,"36,574","14,801",,0.00110203,0.001102032,,1487000,,0.04,,,1462.96,
"Paddockwood No. 520, Saskatchewan [CCS470615099]",15,99,2021,38,"55,195","22,337",,0.001663108,0.001663137,,1487000,,0.04,,,2207.8,
"Mayfield No. 406, Saskatchewan [CCS470616005]",16,5,2021,68,"117,316","47,476",,0.003534908,0.0035349,,1487000,,0.04,,,4692.64,
"Great Bend No. 405, Saskatchewan [CCS470616008]",16,8,2021,72,"97,032","39,267",,0.00292372,0.002923686,,1487000,,0.04,,,3881.28,
"Blaine Lake No. 434, Saskatchewan [CCS470616013]",16,13,2021,63,"93,446","37,816",,0.002815669,0.00281565,,1487000,,0.04,,,3737.84,
"Redberry No. 435, Saskatchewan [CCS470616018]",16,18,2021,94,"105,733","42,789",,0.003185894,0.003185922,,1487000,,0.04,,,4229.32,
"Douglas No. 436, Saskatchewan [CCS470616023]",16,23,2021,64,"64,509","26,106",,0.001943753,0.001943763,,1487000,,0.04,,,2580.36,
"North Battleford No. 437, Saskatchewan [CCS470616028]",16,28,2021,122,"162,202","65,641",,0.00488739,0.004887404,,1487000,,0.04,,,6488.08,
"Round Hill No. 467, Saskatchewan [CCS470616033]",16,33,2021,60,"52,897","21,407",,0.001593866,0.001593892,,1487000,,0.04,,,2115.88,
"Meeting Lake No. 466, Saskatchewan [CCS470616038]",16,38,2021,54,"61,063","24,711",,0.00183992,0.001839896,,1487000,,0.04,,,2442.52,
"Leask No. 464, Saskatchewan [CCS470616041]",16,41,2021,80,"150,380","60,857",,0.004531176,0.004531204,,1487000,,0.04,,,6015.2,
"Shellbrook No. 493, Saskatchewan [CCS470616046]",16,46,2021,87,"156,357","63,275",,0.004711272,0.00471124,,1487000,,0.04,,,6254.28,
"Canwood No. 494, Saskatchewan [CCS470616051]",16,51,2021,156,"140,916","57,027",,0.004246011,0.004246035,,1487000,,0.04,,,5636.64,
"Spiritwood No. 496, Saskatchewan [CCS470616056]",16,56,2021,158,"119,996","48,561",,0.00361566,0.003615686,,1487000,,0.04,,,4799.84,
"Medstead No. 497, Saskatchewan [CCS470616062]",16,62,2021,82,"71,790","29,052",,0.002163141,0.002163112,,1487000,,0.04,,,2871.6,
"Big River No. 555, Saskatchewan [CCS470616075]",16,75,2021,17,"7,344","2,972",,0.000221286,0.000221285,,1487000,,0.04,,,293.76,
"Meota No. 468, Saskatchewan [CCS470617001]",17,1,2021,69,"102,600","41,521",,0.003091492,0.003091512,,1487000,,0.04,,,4104,
"Turtle River No. 469, Saskatchewan [CCS470617008]",17,8,2021,65,"56,081","22,695",,0.001689805,0.001689792,,1487000,,0.04,,,2243.24,
"Paynton No. 470, Saskatchewan [CCS470617013]",17,13,2021,27,"39,810","16,111",,0.001199535,0.00119957,,1487000,,0.04,,,1592.4,
"Eldon No. 471, Saskatchewan [CCS470617017]",17,17,2021,82,"91,680","37,102",,0.002762456,0.002762488,,1487000,,0.04,,,3667.2,
"Wilton No. 472, Saskatchewan [CCS470617022]",17,22,2021,107,"138,608","56,093",,0.004176468,0.004176493,,1487000,,0.04,,,5544.32,
"Britannia No. 502, Saskatchewan [CCS470617028]",17,28,2021,108,"79,954","32,356",,0.002409134,0.002409117,,1487000,,0.04,,,3198.16,
"Frenchman Butte No. 501, Saskatchewan [CCS470617032]",17,32,2021,124,"141,859","57,408",,0.004274425,0.004274403,,1487000,,0.04,,,5674.36,
"Mervin No. 499, Saskatchewan [CCS470617045]",17,45,2021,130,"131,954","53,400",,0.003975973,0.003975981,,1487000,,0.04,,,5278.16,
"Parkdale No. 498, Saskatchewan [CCS470617047]",17,47,2021,84,"93,829","37,971",,0.002827209,0.002827191,,1487000,,0.04,,,3753.16,
"Meadow Lake No. 588, Saskatchewan [CCS470617054]",17,54,2021,147,"115,818","46,870",,0.003489771,0.00348978,,1487000,,0.04,,,4632.72,
"Loon Lake No. 561, Saskatchewan [CCS470617056]",17,56,2021,80,"74,359","30,092",,0.002240549,0.002240547,,1487000,,0.04,,,2974.36,
"Beaver River No. 622, Saskatchewan [CCS470617062]",17,62,2021,87,"53,797","21,771",,0.001620985,0.001620994,,1487000,,0.04,,,2151.88,
"Division No. 18, Unorganized, Saskatchewan [CCS470718090]",18,90,2021,6,"9,800","3,966",,0.000295289,0.000295295,,1487000,,0.04,,,392,
,,,,,,,,,,,,,,,,,
Saskatchewan,,,2021,21060,"33,187,855","13,430,647",,,,,,,,,,,
