Site_ID,Date,Latitude,Longitude,Depth_m,Secchi_m,Temp,DO_mg.L,Cond_uS,Sal_ppt,pH,NH4+_ug.L,NO2+NO3_ug.L,TDN_ug.L,SRP_ug.L,TDP_ug.L,N_P,DIC_mg.L,DOC_mg.L,ChlaTRI,Fuco,Diato,Allo,Chl_b ,Pheo_B,Lutein,Echine,Cantha,Aphan,Myxo,ChlaHPLC ,Pheo_A,B-car,MC_ug.L,Group
14A,2017-07-12,51.04648,-104.65134,4.1,1.52,20.4,4.94,5179,3.07,8.92,250,13.67,5280,840,620,8.516129032,75.886,59.561,13.13894297,0.258883834,0,0.08289459,0,0,3.899220484,0.026187192,0,0,0,3.448749359,0,0.606447761,0.02,2017_survey
14B,2017-07-12,50.995,-104.68568,2.1,1.56,23,6.98,1291,0.67,8.44,110,12.6,2550,70,110,23.18181818,81.645,32.06,3.003353625,0,0.00734094,0.03725774,0.020674205,0,0.067561774,0,0,0,0,0.431353711,0,0.00749094,0.02,2017_survey
20A,2017-07-24,50.10833,-102.04143,1.2,0.67,21.2,8.58,1369,0.74,9.11,90,7.76,1870,10,20,93.5,43.118,21.656,17.43292593,0.322836654,0.04569625,0.103353716,0.128200745,0,0.551317131,0.015778422,0,0,0,1.866293921,0,0.059552972,0.02,2017_survey
49A,2017-07-24,50.02262,-101.88369,0.8,0.5,21.8,7.46,1400,0.75,9.14,110,7.62,3070,10,50,61.4,61.194,31.211,4.4155892,0,0,0,0,0,0.043815072,0,0,0,0,0.436377601,0,0,0.02,2017_survey
54B,2017-07-24,49.97308,-101.76763,0.45,0.9,20.5,8.84,1421,0.78,10.19,160,11.75,2240,20,50,44.8,21.665,28.532,40.36657993,1.098079231,0.164156336,2.266404411,3.054026643,0.70921637,8.153162076,0.182354459,0.563054071,0,0,23.21517759,0.360302528,1.545010533,0.02,2017_survey
53A,2017-07-25,49.95133,-101.79024,2.7,0.51,19.2,10.15,2504,1.47,9.8,240,3188.68,6440,40,60,107.3333333,21.48,31.687,97.8888477,1.148236415,0.012756387,0.326977834,9.310855304,1.670703522,6.534245569,0,0,0,0,33.90003132,2.088844062,1.187414659,0.02,2017_survey
54A,2017-07-25,49.94727,-101.76752,1.6,0.34,19.3,7.55,1860,1.08,8.85,100,12.26,2340,4.2,40,58.5,70.368,31.823,101.1310573,1.416824329,1.315104608,1.098960116,2.972603419,0.786613762,2.649226012,0,0,0,0,19.45060984,0.387336946,0.813022131,0.02,2017_survey
52A,2017-07-25,49.85824,-101.71194,1.1,0.49,20.2,8.07,2463,1.41,8.74,100,114.86,2630,30,70,37.57142857,64.443,33.52,25.24528767,0.405671608,0.118879066,0.172690206,0.413039928,0.057716176,0.433609357,0.068866805,0.058522495,0,0,3.945709013,0.029321495,0.205116563,0.02,2017_survey
48A,2017-07-24,49.98583,-101.9271,1.5,0.63,22,7.73,2170,1.19,8.62,100,13.98,2400,50,90,26.66666667,69.843,31.317,38.66333318,0.545971241,0.05711876,0.624160683,0.940581755,0,0.481664323,0,0.249271244,0,0,5.968368597,0,0.03378892,0.02,2017_survey
51A,2017-07-24,49.99234,-101.90707,0.8,0.57,23.4,10.93,2069,1.06,9.16,90,16.83,0,2.07,0,0,32.651,28.185,50.42600378,1.059828601,0.112898504,0.391086652,1.13552527,7.011158542,1.457544937,0,0.04059117,0,0,6.955259028,0.03292238,0.314168045,0.02,2017_survey
48B,2017-07-24,49.99197,-101.9299,2.4,0.85,22.7,7.72,1773,0.9,8.51,90,6.69,2550,20,40,63.75,48.601,33.103,19.38683844,0.828298923,0.015701746,0.259456247,0.256910224,0.436664097,0.925166508,0,0,0.015048212,0,3.493273574,0.333092181,0.163487086,0.02,2017_survey
55B,2017-07-25,49.91539,-101.69835,2.5,0.6,20.4,6.88,416.7,0.2,9.01,110,7.09,1670,20,30,55.66666667,33.615,17.865,33.39791168,2.232633181,0.142739988,0.220205468,0.97374698,0.071856639,1.854633686,0,0.050647909,0.038772971,0.827974546,6.945880569,0.322536443,0.475555292,0.02,2017_survey
4G,2017-07-27,50.39611,-104.57745,1.3,0.32,20.4,3.95,501.7,0.24,7.73,30,1.83,2040,20,60,34,61.688,66.448,46.48100025,0,0.145589925,0.153273126,0.547976006,1.705074357,2.969763781,0,0.203847478,0,0,3.848773515,0,0.329169125,0.02,2017_survey
4D,2017-07-27,50.35226,-104.57456,1.6,0,25.4,9.45,263.1,0.12,9,330,39.8,3010,70,110,27.36363636,32.376,27.236,27.44330157,0,0.025869606,0.297060702,0.256949357,0,3.294645043,1.215775378,0.331222277,0.107559144,0,6.906076884,0,0.486421453,0.02,2017_survey
4E,2017-07-27,50.35349,-104.57772,1.1,0.37,24.2,6.97,766,0.37,8.11,250,231.55,4140,2600,670,6.179104478,89.301,37.441,5.8651535,0.013007811,0.003473838,0.007052358,0.107127454,0.098942016,0.170028638,0,0,0,0,1.042207294,0.06702056,0.021268918,0.02,2017_survey
4C,2017-07-27,50.33757,-104.50439,0.8,0.41,23.7,11.09,592,0.29,9.88,60,4.81,1630,1,30,54.33333333,39.19,23.412,31.76049365,0.436818469,0.092096273,0.186867845,0.858555245,0,1.899015509,0.05755708,0.165913037,0,0.6837247,7.007425068,0.380065958,0.420087164,0.02,2017_survey
4B,2017-07-27,50.56744,-104.46211,2,0.36,21.7,11.08,721,0.38,9.85,190,14.17,3050,120,190,16.05263158,29.371,31.655,107.4294982,0,0.304330409,0.462386435,9.432068507,0,2.990353232,57.80148662,35.68121732,22.06356743,9.377058294,320.0232224,1.1259454,43.30255371,0.02,2017_survey
4A,2017-07-27,50.33809,-104.4821,2.1,0.2,22.7,9.51,617,0.31,8.68,0,0,0,0,0,0,0,0,48.25065377,1.265708813,0.096483507,0.215562161,1.045525404,0.498419667,2.386656349,0,0.131024328,0,1.103490296,5.37065741,0.392120289,0.308905115,0.02,2017_survey
62E,2017-08-01,50.31057,-106.42409,1.9,0.97,20.8,2.37,5360,3.17,8.17,1890,462.92,9480,1260,1610,5.888198758,126.234,77.019,11.6997516,0,0.141409193,0.065953651,0,0.134321282,0.090851044,0.010517088,0,0,0,1.157716838,0.13647823,0.043311252,1.580658286,2017_survey
62B,2017-08-01,50.33084,-106.507811,1,0.27,20.3,5.25,2154,1.22,9.07,60,5.28,3760,20,80,47,150.574,42.599,40.48132025,5.135554548,0.472372441,0.624909434,0.625428666,0,6.6914625,0.23204207,0.055867196,0,0,7.003690161,0,1.400841863,0.02,2017_survey
62C,2017-08-01,50.31712,-106.50479,1.1,0.64,20.5,3.18,1108,0.6,8.58,480,402.68,4430,170,250,17.72,121.982,38.518,3.5316949,0.117683739,0.246903705,0.250623874,0.966765107,0.427007356,0.851898697,0.039418905,0.051008231,0,0.441237641,4.909521637,0.262720593,0.458557881,0.02,2017_survey
61A,2017-08-01,50.23982,-106.12133,2.1,0.84,21.8,5.27,1408,0.77,9.48,120,6.29,3630,40,70,51.85714286,31.514,44.38,3.245698086,0,0.041035854,0.182115832,0.273933216,0,1.159797665,0.021275539,0.024163397,0,0.465207416,2.456103647,0,0.349714526,0.02,2017_survey
61B,2017-08-01,50.23964,-105.99758,1.92,1.92,21.2,3.79,4886,2.85,7.48,220,10.01,1880,30,20,94,23.564,24.782,2.38577762,0,0,0,0,0,0.079625947,0.008312035,0,0,0,0.360063611,0,0,0.02,2017_survey
61C,2017-08-01,50.25328,-106.07295,2.6,0.25,20.4,4,756,0.41,8.25,50,9.11,2480,30,50,49.6,58.694,28.824,59.8352718,0.493116998,0.020477359,0.396075267,2.095733281,1.207624914,6.876463932,0.017496097,0.066905578,0,0.44170285,2.28962949,0.993926656,1.121232702,0.02,2017_survey
56A,2017-08-02,49.98368,-105.28633,2.7,0.88,20.8,6.84,7805,4.73,8.4,60,4.19,3060,50,80,38.25,90.156,37.727,3.49429128,0,0,0,0,0,0.161493208,0,0,0,0,0.498804825,0,0.029139069,0.02,2017_survey
56B,2017-08-02,49.98273,-105.30243,2.4,0.41,20.6,4.42,6506,3.91,8.43,60,4.44,3540,60,110,32.18181818,74.764,45.26,46.78629513,2.300979311,0.11013987,1.554435714,1.559204554,0.07859224,0.989084938,0,0.143191707,0,0,8.507704327,0.079854284,0.390853333,0.02,2017_survey
66A,2017-08-02,50.12525,-103.86236,1.7,0,19.6,9.56,3208,1.89,9.19,50,1.21,2490,5.66,20,124.5,76.461,33.523,29.9486789,0.404183555,0.224571097,0.061332946,0.75046744,0,0.69572812,0,0.021964301,0,0,5.388295229,0,0.360096968,0.02,2017_survey
66B,2017-08-02,50.13197,-103.84161,3.2,0.58,19.9,7.59,3332,1.75,9.2,70,3.11,2460,10,30,82,51.026,34.763,33.67624104,1.477761536,0.19147793,0.309140109,1.611803479,0.263845376,1.340828397,0,0.052049215,0,0,17.11367235,0.766715201,0.727857837,0.02,2017_survey
66C,2017-08-02,50.13321,-103.85594,2.6,0.82,20.6,8.56,584,0.28,8.68,40,2.18,1140,10,10,114,40.324,16.296,25.94867013,1.237682227,0.203997877,0.587846305,0.462993565,0.125214755,0.751879788,0,0.011463189,0,0,4.507576908,0.14446452,0.274852104,0.02,2017_survey
27A,2017-08-04,49.0409,-103.5006,1,0.33,18.7,1.6,246,0.13,6.95,40,320.9,1560,250,340,4.588235294,29.94,15.384,103.4000554,0.811115606,0.395931592,6.25026631,4.574585102,0.998678733,4.585758229,0,0.165472303,0,0.209070257,31.71721195,4.478191932,1.001861445,0.02,2017_survey
27B,2017-08-04,49.0414,-103.50101,3.2,0.43,23.4,13.73,220.4,0.11,9.52,40,49.59,1070,60,80,13.375,20.491,12.515,54.28575592,0.379099232,0.050759201,0.377525778,1.083152229,0.41042614,6.707018855,0.098033093,0.050583203,0.057261975,0.940531059,10.924373,1.193015604,1.218336163,0.02,2017_survey
27C,2017-08-04,49.04037,-103.49865,1.3,0.29,18,1.32,234.6,0.13,7.05,60,16.32,1080,130,160,6.75,29.402,14.47,125.8164556,5.263244487,0.989042302,2.104783511,38.21746208,6.336201209,27.64485245,0,3.633815461,0,0,122.0170264,2.107653312,4.455178339,0.331559639,2017_survey
45A,2017-08-03,49.83189,-101.7569,0.9,0.2,24.5,17.7,1555,0.78,9.48,250,13.12,3240,300,110,29.45454545,30.593,38.024,176.09805,1.943614114,1.861682438,1.916196768,5.624481086,0.631424831,3.633880511,0.291925966,0.182526546,0,1.418045367,35.18885435,0.513251464,2.556061047,0.02,2017_survey
45D,2017-08-03,49.80242,-101.74679,2.4,0.17,23.9,4,2127,1.11,8.1,120,19.27,4100,50,400,10.25,59.187,45.428,9.899336665,0,0.373213235,0.014298152,0,0,0.303244726,0,0,0,0,0.720069353,0,0,0.02,2017_survey
45B,2017-08-03,49.79956,-101.76376,2.9,0.1,24.5,17.28,324.9,0.16,9.58,80,18.25,1560,20,40,39,33.04,19.384,114.4191501,1.548331019,0.231963424,0.957828683,3.925243844,1.275481316,5.369248605,0.747462325,0.140152641,0,0.848781332,40.69347832,0.54833541,1.013988596,0.02,2017_survey
45C,2017-08-03,49.80365,-101.76676,1.025,1.025,29.5,9.58,176.7,0.81,9.24,250,17.15,4750,190,300,15.83333333,34.272,53.838,14.93744747,2.132005846,0.519305816,0.268934864,0.842503233,4.249206633,2.592420442,0.14543009,0.179703483,0,0,5.285878102,2.848773552,1.445082458,0.02,2017_survey
15B,2017-08-03,49.52981,-101.911,3.5,0.45,22.8,10.7,1102,0.57,9.24,30,12.69,1260,20,10,126,31.964,16.928,42.8440775,0.261533135,0.056823019,0.863407438,0.522770616,0,2.88135489,0.246729916,0.351887681,0.120877591,0.150587745,14.42951107,0,1.403208888,0.02,2017_survey
15A,2017-08-03,49.57961,-101.89367,5.1,0.99,21.9,7.85,1594,0.87,9.05,50,4.38,1700,80,110,15.45454545,52.556,22.037,28.53091014,0.314650675,0.020843026,0.192000444,0,0,0.360438913,0.012357195,0,0,0,1.55429987,0,0.095391099,0.02,2017_survey
67A,2017-08-04,50.27662,-103.71397,1.2,0.23,21.4,8.46,1680,0.91,8.17,3600,169.44,9280,5400,6480,1.432098765,65.975,53.317,152.5333878,0.388233613,1.358021357,8.570399826,3.38120492,3.353110802,3.226941091,0,0.170398576,0,0,24.47884364,5.368300597,1.528225083,0.02,2017_survey
67B,2017-08-04,50.2821,-103.71067,2.1,0.195,22.3,20.93,1110,0.59,9.01,530,155.25,4120,1480,860,4.790697674,55.516,35.02,265.7081436,0.668967769,0.043229979,1.132796742,41.42539846,1.649913083,26.76820747,0,0.096358577,0,0,133.9025871,1.832788901,0.193878007,0.02,2017_survey
22B,2017-08-08,51.14319,-105.65466,1.5,0.49,18.8,4.41,1647,0.95,7.62,640,99.6,3020,270,350,8.628571429,63.169,27.279,26.71656785,0,0.192075986,0.188272003,0.091480545,0,0.49457,0,0.070680216,0,0,1.411311315,0,0.038113902,0.02,2017_survey
68A,2017-08-08,50.63367,-104.68465,0.8,0.15,19.2,3.58,230.2,0.12,9.1,20,536.54,0,100,0,0,30.99,29.272,384.0006133,2.432659694,1.500739544,14.73866636,15.82895698,8.102427646,13.78069029,1.298266909,3.217194704,10.10916783,4.273653967,123.7435886,6.378480691,9.328278212,0.02,2017_survey
32A,2017-08-09,50.43921,-103.67125,2.4,0.43,19.1,4.2,2982,1.77,9.04,100,25.31,3030,30,70,43.28571429,57.708,35.032,106.270756,1.983817676,0.199641449,1.581385474,1.432572888,0.538508412,2.140507957,0,0,0.055076454,0,11.71554626,1.233178295,0.963836486,0.02,2017_survey
32B,2017-08-09,50.44337,-103.65922,2,1.21,19.8,1.61,2152,1.23,8.27,410,580.97,3980,2400,2440,1.631147541,99.102,33.854,5.16767144,0.059545941,0.155529841,0.013275027,0.289954857,0,0.329320424,0.007932096,0,0,0,1.487382648,0,0,0.02,2017_survey
32C,2017-08-09,50.44165,-103.67529,2,0.35,18.5,3.28,3460,2.1,9,110,19.36,3050,100,150,20.33333333,55.436,35.208,96.57556422,5.473673271,1.167371557,1.514235273,4.895095266,1.726867985,2.382265913,0,0.138492728,0,0,26.07664775,3.155149221,1.056205036,0.02,2017_survey
8H,2017-08-11,52.62542,-104.64627,0.18,0.07,20.9,14.49,838,0.46,8.64,40,265.04,3530,50,180,19.61111111,50.866,40.685,223.7785253,9.973941357,18.48032988,13.98503729,29.8963864,16.09242418,43.3192278,0,16.80729928,0,0,266.6697364,33.77015198,17.86762843,0.02,2017_survey
8G,2017-08-11,52.62561,-104.65643,1.2,0.41,21.2,10.48,1092,0.59,8.91,30,63.74,2270,20,50,45.4,57.772,33.36,72.3860428,1.505256213,0.134196664,0.091097658,0.668123115,0.088344227,0.938054291,0,0.055551628,0.019845581,0,4.923275609,0,0.30289303,0.02,2017_survey
8D,2017-08-11,52.62899,-104.70537,0.6,0.075,17.2,0.74,793,0.39,7.81,5930,1757.96,14280,120,360,39.66666667,80.34,46.165,1564.511823,7.272957746,31.04975261,5.19811017,169.0842633,105.2195815,95.23525206,0,2.41113602,0,0,484.3348955,75.80496909,17.23389475,0.02,2017_survey
8C,2017-08-10,52.61549,-104.81382,2.2,0.05,24.7,0.24,1033,0.5,7.68,4280,2637.6,10920,400,630,17.33333333,62.791,40.638,118.8410348,0.645006703,3.045768202,3.777159308,14.15910067,148.5503212,35.19858687,0.85369501,2.246972923,0,1.591064131,36.73332601,35.64103711,4.180177471,0.02,2017_survey
8A,2017-08-10,52.5952,-104.80083,2,2,21.2,4.69,799,0.43,7.81,50,33.23,1560,60,90,17.33333333,46.996,24.11,5.787639667,0,0,0,0,0,0,0,0,0,0,0.143147527,0,0,0.02,2017_survey
8B,2017-08-10,52.60226,-104.8098,2.6,0.18,25.8,8.27,880,0.42,8.24,100,347.72,2420,10,20,121,61.594,20.886,73.68870652,0,0.047972308,0.200546491,0.554221683,0,0.37968412,0,0.102812783,0,0,2.293374734,0,0.015880792,0.02,2017_survey
69B,2017-08-15,49.33156,-109.10526,2.5,1.01,18.3,7.04,613,0.34,8.63,20,84.18,1540,20,70,22,36.974,13.813,6.30642525,0,0.032422485,0.047095646,0.076792612,0,0.120885033,0,0,0,0,0.936777763,0,0.006616997,0,2017_survey
69A,2017-08-15,49.32986,-109.04867,2.1,0.51,17.5,8.34,510,0.29,8.71,170,43.79,3240,40,200,16.2,44.868,19.268,96.841724,0.044287293,0.024316863,2.191749419,0.552454814,0.115432352,1.272408219,4.233677939,0.985260765,0.681006815,0,43.89914982,1.001035832,2.396696934,0.02,2017_survey
69C,2017-08-15,49.29757,-109.10841,2,0.56,17.5,7.06,382.5,0.22,9.19,110,17.8,1010,400,20,50.5,29.172,21.217,38.82010427,0,0.006225117,1.234020457,0.134257957,0.041932418,0.921886554,0,0,0.203731115,0.685148685,8.947823032,1.575122552,0.166621274,5.882636202,2017_survey
26C,2017-08-14,49.25726,-108.40901,1.4,0.29,20.5,10.45,576,0.3,8.71,70,154.71,2820,1440,1600,1.7625,35.708,30.104,140.4786237,0.523150498,0.043646559,0.812052085,6.628088104,3.04942891,10.64181631,0,0.585400666,0,1.537184115,25.65847145,1.206808752,1.574003085,0.02,2017_survey
26B,2017-08-14,49.26081,-108.40865,1.8,1.07,19.9,6.6,713,0.39,8.77,260,43.76,3000,670,850,3.529411765,46.632,35.305,35.09807233,0.016661395,0.035572097,0.194488359,0.397768423,0.595704226,1.395139064,0.118393725,0.102548728,0.111914107,0,3.131017527,0.458122758,0.243253408,0.02,2017_survey
26A,2017-08-14,49.26151,-108.409,2.3,0.29,19.1,10.98,747,0.41,9.72,290,60.63,3590,540,740,4.851351351,42.12,41.81,166.1085818,0,0.671878923,0.238577799,2.063821834,0.121109353,2.474589692,4.827961982,8.64008283,8.932526296,5.933546337,162.4226647,2.384174003,16.05352858,0.02,2017_survey
24A,2017-08-14,49.9192,-109.84868,1.74,0.2,19.5,9.93,872,0.43,9.8,110,20.24,1920,310,440,4.363636364,32.487,22.535,52.93139534,0.213278857,0.04258153,1.0144634,1.583333991,0,3.006848001,1.366858157,0.068582257,0,0.438055668,10.88733563,0,0.43363386,0.02,2017_survey
24B,2017-08-14,49.91797,-109.85177,2.3,0.18,18.8,4.19,217.1,0.12,8.91,0,0,0,0,0,0,0,0,98.89724908,0.041307553,0.268345941,10.78487257,1.248629744,0.423015173,1.756347758,0,0.041410413,0.061646735,0,31.29359862,0.585708136,0.273409219,0.02,2017_survey
70A,2017-08-15,50.35456,-108.87658,3.2,1.43,18.9,6.5,4386,2.68,8.57,140,13.29,1730,10,510,3.392156863,41.322,43.581,13.72294267,0.171133332,0.031276449,0.018634345,0,0,0.377837265,0.032186407,0,0,0,1.858478465,0,0.138025152,0.02,2017_survey
70C,2017-08-15,50.39632,-109.11725,3.5,2.42,15.7,7.68,647,0.32,8.06,40,44.87,417.54,20,8.66,48.2147806,65.716,4.59,6.121801975,0.220468052,0.015562793,0.091979673,0,0,0.099773386,0.008258704,0,0,0,0.47255815,0,0.031761585,0.02,2017_survey
70B,2017-08-15,50.39857,-109.08987,2.5,0.78,18.3,5.12,1258,0.73,8.83,100,170.8,2090,10,20,104.5,106.363,24.442,2.47972066,0,0.157499866,0.077086264,0,0,0.073626979,0,0,0,0,0.424793419,0,0,0.02,2017_survey
65A,2017-08-11,52.55179,-103.89583,4.3,2.02,21.8,9.01,242.8,0.12,8.22,10,336.84,1280,30,20,64,31.612,13.981,8.3617439,0,0,0,0,0,0,0,0,0,0,0,0,0,0,2017_survey
8E,2017-08-11,52.6333,-104.6604,1.3,1.12,19.3,8.55,3244,0.25,8.39,280,748.68,5240,80,280,18.71428571,0,0,8.9610816,0,0.109349095,0,0.728374005,0,0.491392706,0,0.094789281,0,0.455057918,4.287488442,0,0.031343669,0.02,2017_survey
8F,2017-08-11,52.627937,-104.715069,0.5,0,18.4,3.77,792,0.45,8.73,30,89.22,1890,20,40,47.25,50.09,45.621,2483.611981,44.69022098,43.2641057,10.27325106,323.0098023,51.82668156,150.0112148,0,24.40184168,0,89.89327137,749.3280916,120.875758,90.3778232,0.02,2017_survey
36A,2017-08-10,52.5244,-105.21877,1.4,0.13,24.4,28.39,2056,1.06,9.21,160,83.7,3720,30,100,37.2,59.455,50.687,150.7441308,1.428530937,2.90125038,8.42372494,18.26562337,4.912226301,3.235446364,5.537209175,22.76425921,23.38972731,4.333025292,219.2156718,17.92171463,22.2421085,0.02,2017_survey
63B,2017-08-10,52.6918,-106.02972,1.6,0.43,22.9,9.65,521,0.26,9.51,190,375.36,3520,50,110,32,60.98,34.355,181.5894093,0,0.059856895,0.152793131,1.770872885,0,0.997076548,0.046901755,0.150957108,0,0,6.081712195,0,0,0.02,2017_survey
63A,2017-08-10,51.14324,-105.65466,1,1.1,21,2.51,1756,0.96,8.03,260,524.57,4210,690,930,4.52688172,100.848,55.898,11.11487962,0,2.435308718,0.218029724,0.315684417,0,1.004917856,0,0,0,0,1.193326518,0,0,0.02,2017_survey
64A,2017-08-17,50.77282,-107.94051,2.5,0.29,17.8,12.34,464.1,0.26,9.45,90,3.9,2100,50,90,23.33333333,31.723,26.773,87.96870488,0.036020332,0.005894997,2.716593908,2.018223724,0.913104883,8.312845856,1.084199094,0.907762252,1.223063917,1.571141515,29.56320632,0.454927434,4.356059253,0.320164087,2017_survey
64C,2017-08-17,50.79424,-107.93136,3.3,0.2,18.9,8.75,722,0.4,8.86,40,45.02,2310,290,390,5.923076923,53.982,33.117,32.72007003,0.1052793,0.247538188,1.347994199,1.824058073,1.426672834,3.174869517,0,0.16763875,0,0,10.08013914,0.306257149,0.330656422,0.02,2017_survey
64B,2017-08-17,50.79427,-107.9444,2.9,0.95,19.3,7.6,365.7,0.2,9.37,160,50.17,1970,20,40,49.25,21.327,21.383,24.96877439,0,0,0.657427215,0,0,0.464104198,0.023172472,0,0,0.518751982,2.800025502,0,0.07547888,0.02,2017_survey
31A,2017-08-17,51.14608,-107.5329,1.9,0.09,20.7,14.74,13489,8.57,8.41,140,0.5,7120,60,200,35.6,136.342,89.99,115.2106036,3.307481558,0.279173538,2.87950779,6.024554849,2.842981503,21.03197785,0.648007442,0.711593037,0,1.866953163,28.60777631,0.53104015,2.214654605,0.02,2017_survey
31B,2017-08-17,51.1386,-107.53661,2,0.19,20.1,2.69,3809,2.24,8.07,1630,1160,7480,130,290,25.79310345,101.045,50.825,8.82578111,0.16006666,0.435726816,0.131824494,0.121856099,0.635697133,0.669951273,0.036823656,0.017123734,0,0,0.936236815,0.363208194,0.146769259,0.02,2017_survey
7B,2017-08-18,51.42597,-107.0004,2.7,0.78,19,7.33,820,0.46,8.43,80,27.9,681.42,20,30,22.714,34.641,8.09,30.92911857,0.276389617,0.025183152,0.119991462,0.683977,0.28858088,1.379666135,0.411815598,0.16205115,0.285675249,0,5.693705703,0.175928969,0.223881953,0.02,2017_survey
7A,2017-08-18,51.41351,-107.00191,4.5,0.5,19.7,9,1004,0.56,9.28,90,9.67,1500,20,40,37.5,41.399,17.7,182.54459,0.270154279,0.048397927,0.041707217,0.023458645,0,1.326205758,0.067218144,0.166305317,0,0.567430666,8.724834708,0,0.239775904,0.02,2017_survey
7I,2017-08-18,51.50316,-106.83583,2.3,1.04,20.4,4.35,1157,0.64,9.37,320,272.38,3640,450,580,6.275862069,71.71,34.09,40.13844858,0,0.038845224,0.03971888,0.128287708,0,1.110272471,0.805243725,0.518111323,0,0,15.27154324,0,1.241537665,0.02,2017_survey
30A,2017-08-17,51.34198,-108.04363,2.4,1.12,18.8,5.19,623,0.35,7.86,30,3.44,2280,40,130,17.53846154,54.099,47.398,24.2805772,0,0.060076957,0.123706654,0.113198873,0.08148166,0.111929108,0.016604973,0.009954023,0,0,1.874406212,0.110386804,0.023354106,0.02,2017_survey
30B,2017-08-17,51.34313,-108.06308,3.1,0.51,20.4,23.47,634,0.34,9.61,190,129.92,2070,350,470,4.404255319,38.155,22.546,73.77333849,0,0,0.062332199,0.12144028,0,0.874080456,0.293572141,0.537913436,0.284238949,0,12.22443645,0,0.72508552,0.02,2017_survey
60A,2017-08-18,51.67165,-107.29446,0.9,0.31,18.3,7.93,339.7,0.19,8.29,1310,211.79,4250,20,70,60.71428571,35.831,28.407,6.55063606,0.034430532,0.014964224,0.180909255,0.401206803,0,1.323070968,0.164178844,0.020977919,0,0,2.941920285,0,0.21049685,0.02,2017_survey
60B,2017-08-18,51.67624,-107.29423,2.2,1.8,19,9,189.8,0.1,9.79,70,39.45,1200,40,50,24,17.866,13.503,2.9055933,0,0.011971379,0.018227633,0.06372108,0.056828235,0.024852575,0.031673441,0.016782336,0,0,1.015109837,0.028870395,0.024431988,0.02,2017_survey
60C,2017-08-18,51.68453,-107.2179,2.5,0.05,20.3,23.78,980,0.54,9.36,320,146.41,5210,30,220,23.68181818,121.595,49.586,164.1134025,1.453473541,13.3290961,3.260432564,83.32128027,10.39120185,54.71839409,2.954502614,24.69671047,11.28335097,9.124960702,348.3719113,8.912683535,47.08769294,0.02,2017_survey
57D,2017-08-22,52.40304,-107.92971,3.1,0.71,16,4.21,467,0.27,9.29,90,57.96,2240,110,170,13.17647059,38.016,26.291,2.2252626,0.191911605,0.017204181,0.575335765,0.266913678,0.557249679,1.078078747,0.047140265,0.09240708,0,0.392257029,5.563031436,0.141974678,0.236661028,0,2017_survey
57C,2017-08-22,52.40814,-107.92896,2.7,0.38,16.6,4.15,414.1,0.24,8.86,100,51.15,2200,120,200,11,32.498,24.166,15.07047208,0,0,0.02507505,0,0,0.092974824,0,0,0,0,0.123957173,0,0,2.195995932,2017_survey
57B,2017-08-22,52.41474,-107.92747,2.8,0.43,16.4,10.16,636,0.37,9.09,120,20.45,2210,40,60,36.83333333,62.715,29.147,147.7645104,2.792420278,0.175141738,0.553425313,0.671573824,0,1.007045385,0,0.68326222,0,0,27.17973472,0.205055896,0.693553599,0.02,2017_survey
57A,2017-08-22,52.41588,-107.93136,3.8,0.55,16.5,6.84,367,0.21,7.99,70,35.02,1360,40,50,27.2,27.245,16.285,16.146278,0.433752609,0.052085153,0.019109615,0.230457364,0.178733964,0.723538186,0,0.141722764,0,0,6.621896538,0.363208194,0.065431426,0.02,2017_survey
59B,2017-08-21,52.61742,-107.3954,2.3,1.64,18.2,9.18,136.1,0.07,9.59,50,15.25,978.35,30,20,48.9175,17.544,12.014,5.8064719,0,0.012652677,0.090031662,0,0,0.116117118,0.005900528,0,0,0,0.385744601,0,0.003227803,0.02,2017_survey
59A,2017-08-21,52.61391,-107.40239,2,0.72,17.6,8.45,228.8,0.13,8.31,60,480.01,2180,30,70,31.14285714,31.641,19.771,17.02131267,0.04723978,0.006484497,0.166430945,0.364605111,0.030781961,0.390968984,0.047475352,0,0,0,5.97384928,0.062552522,0.13515216,4.921412129,2017_survey
59D,2017-08-21,52.65964,-107.37451,1.2,0.15,16.8,10.46,684,0.4,8.41,3940,1060,8560,20,90,95.11111111,84.832,35.188,91.94568234,3.165695102,1.685969198,9.742534674,17.93801664,9.545339374,8.305471049,0,2.434763928,0,0,63.45415545,1.661871581,2.3553988,0.02,2017_survey
44A,2017-08-22,52.71911,-108.8854,4,1.89,17.9,8.13,363.2,0.2,8.71,40,11.33,656.39,20,20,32.8195,26.991,9.222,7.677850136,0,0,0,0,0,0.441067331,0,0,0,0,0.981618958,0,0.036932075,0.02,2017_survey
44B,2017-08-22,52.6791,-108.90743,2,0.15,16.3,5.92,1212,0.73,8.49,70,8.89,2380,280,420,5.666666667,55.584,32.502,58.90268256,0.471348024,0.043590229,0.191761447,0.551113049,0.448048536,0.827639556,0.047547493,0.030129731,0,0,2.98686481,0.55602242,0.122046831,0.02,2017_survey
58A,2017-08-22,52.62412,-107.45502,2.4,0.84,18.2,8.37,2814,1.7,8.52,90,44.13,7180,8.29E-01,60,119.6666667,141.85,90.392,2.683130158,0,0.0079402,0,0,0,0.055181455,0,0,0,0,0.38643994,0,0,0.02,2017_survey
58B,2017-08-21,52.6377,-107.45095,2.1,0.27,17.1,5.48,706,0.41,8.81,390,303.57,5970,10,70,85.28571429,63.546,63.373,132.7929746,10.01406028,0.896982773,7.298846786,11.85782185,3.620630162,13.96205945,0,1.118435487,0,0,55.15585899,0.839341116,2.646028759,0.02,2017_survey
58C,2017-08-21,52.63996,-107.45967,2.4,1.25,16.6,5.77,457.4,0.26,8.59,740,18.77,2220,20,20,111,37.376,19.843,4.241786747,0,0.023820601,0.096476256,0,0,0.421480024,0.013322667,0,0,0,0.750273709,0,0.071382541,0.02,2017_survey
4H,2017-08-23,50.33835,-104.6525,1.4,0.24,16.1,8.64,501,0.29,8.29,60,42.53,1500,10,40,37.5,41.298,18.601,52.57897036,1.05766769,0.145390925,0.197854479,0.524694377,0.349703256,1.464661991,0,0.137979342,0,0,5.28892585,0.184581213,0.462528079,0.02,2017_survey
5A,2017-08-24,51.37151,-102.58316,2.3,2.3,20.3,3.9,3239,1.88,8.07,80,26.84,1170,20,10,117,76.136,15.401,2.37251635,0,0,0.003725774,0,0,0.057811382,0,0,0,0,0.284821172,0,0,0.02,2017_survey
74A,2017-08-24,51.54864,-102.76026,2.5,1.27,17.6,6.84,783,0.45,7.84,30,302.05,1080,60,70,15.42857143,78.029,10.824,17.14287542,0.352273786,0.062171768,0.144150195,0.512311019,0.573675231,0.237002067,0,0,0,0,2.792866881,0.523143339,0.18566753,0.02,2017_survey
74B,2017-08-24,51.55365,-102.76506,2.7,1.02,18.3,8.76,683,0.38,8.52,30,12.22,998.84,20,10,99.884,59.504,17.436,23.07133583,0.604881972,0.201510123,0.122322195,1.219027492,0.067254424,0.575240646,0,0.258905324,0.02457748,3.349132139,5.358496482,0.411156038,0.312536856,0.02,2017_survey
74C,2017-08-24,51.54495,-102.76698,3.3,0.43,18.5,10.12,617,0.35,9.19,90,39.02,1490,10,30,49.66666667,39.053,20.063,167.1026312,2.596788185,2.132606936,5.15591095,6.854214901,0.989126998,3.927849911,0,1.318122706,0,0,51.60206542,0.649156175,2.603567691,0.02,2017_survey
10C,2017-08-24,51.80564,-103.37831,2,0.19,16.8,7.46,1049,0.62,8.88,80,19.83,2020,10,30,67.33333333,27.259,22.682,174.6141702,0.33606093,0.37869462,1.94898963,3.680085237,0.617598062,1.482987927,0,0,0,0,25.98121565,0.83621349,1.123205137,0.02,2017_survey
10D,2017-08-24,51.80376,-103.40521,0.5,0.5,16.6,10.28,3569,2.27,9.69,30,0.5,1830,5.86,20,91.5,20.884,28.95,50.21253248,0.355219523,0.194340373,0.236597204,1.453763579,0,2.793749748,0.171906812,0.039616102,0.129934953,0.40250856,8.324537356,0.62052102,2.016926807,0.02,2017_survey
10A,2017-08-24,51.77975,-103.42531,0.8,0.76,18.4,4.47,738,0.42,7.88,240,21.1,1640,70,100,16.4,57.312,20.094,10.56081367,0,0.064705303,0.017407389,0.106033227,0.028414117,0.149271953,0,0.011542051,0,0,0.859132085,0.05774079,0.012215994,0.02,2017_survey
10B,2017-08-24,51.77527,-103.46152,2.2,0.76,18,8.54,1313,0.76,9.3,90,5.48,2120,20,50,42.4,35.142,29.128,67.04944538,0.904657019,0,0,1.576971671,0.510702514,1.612299955,0.145660977,0.67689994,0.312831931,0,15.88704296,1.980392675,0.840990415,0.02,2017_survey
4A,2018-04-24,50.48948,-104.50242,2.2,0.41,18.5,12.24,207.3,0.11,9.36,190,49.1,1700,40,60,28.33333333,24.708,16.779,76.46945844,2.436199638,0.415115122,15.98482982,5.619018617,1.366434317,15.63196327,0.345216887,0.699907525,0,0,42.01588406,12.86646946,2.501483477,0,2018_survey
66A,2018-04-24,50.3382,-104.48416,2,0.89,14.6,8.08,593,0.37,8.74,60,10.76,1090,70,100,10.9,24.23,15.224,8.91562902,3.486083635,0.112221171,1.167013104,0.884241569,0.500949039,1.019763571,0.062265757,0.142012719,0,0,8.627466307,0.614571265,0.318522142,206.06,2018_survey
66B,2018-04-24,50.33769,-104.5039,1.6,0.53,14.4,9.62,1841,1.19,8.7,70,7,1860,7.51,40,46.5,64.131,29.08,15.21268794,0,0,0,0,0,0,0,0,0,0,0,0,0,1067.57,2018_survey
66C,2018-04-24,50.35231,-104.5746,3.2,0.57,14.1,6.43,246.4,0.15,7.98,40,33.53,1210,150,190,6.368421053,0,0,19.39446811,6.831060762,0.281919989,0.484512735,0.899148699,0.604620957,1.831750017,0.261437202,0.162382773,6.660508553,0,10.40002834,0.347932731,0.439943713,0,2018_survey
61B,2018-04-25,49.983886,-105.28614,0.8,0.36,16.5,7.55,2682,0,7.93,140,50.29,1470,7.69,20,73.5,29.373,17.765,7.615088833,1.621915306,0.039896788,0.060950497,0.305372861,0.029993631,2.064059849,0.065995589,0.005198924,0,0,4.143014643,0.02680323,0.554237563,1316.61,2018_survey
61C,2018-04-25,49.98286,-105.30305,0.9,0.24,17.6,8.6,1057,0,8.19,30,4.49,2010,4.04,50,40.2,32.276,28.669,10.8250624,0,0,0,0,0,0,0,0,0,0,0,0,0,286.19,2018_survey
62B,2018-04-26,51.04645,-104.65152,1.8,0.39,15.4,7.73,823,0.5,9.07,90,5.6,1950,90,150,13,57.48,24.345,13.39594463,1.948200431,0.406859661,0.490721234,1.395691492,0.426875058,2.928484794,0.117913636,0.360884389,0,0,7.432229773,0.205446759,0.602269552,212.2,2018_survey
62C,2018-04-26,50.4949,-104.65465,1.5,0.31,15.6,9.07,313.5,0.18,8.58,70,9.08,1730,520,570,3.035087719,41.246,25.092,41.40995423,0.749192601,0.243431235,0.960996938,3.839655856,1.231645533,4.22226512,0.418086241,0.203347171,0,0,25.08918362,1.408475171,2.072553929,0,2018_survey
62E,2018-04-26,50.63367,-104.68465,2.2,1.77,16.5,7.87,2236,1.39,8.91,200,30.97,3550,620,690,5.144927536,45.922,39.733,0.241084367,0.054952263,0.022402484,0.087598125,0.12063309,1.227316176,0.146048133,0.069213354,0.006009237,0,0,1.297115455,0.144922332,0.212750407,1106.96,2018_survey
4C,2018-04-27,50.12523,-103.85218,1.2,0.41,17.3,9.99,278.2,0.16,8.77,30,6.96,1120,10,20,56,35.118,14.785,15.7827883,5.613695766,0.184910089,0.593650358,0.883796584,0.4953061,1.093390902,0.100000254,0.249859604,0,0.258807916,6.052564455,1.005001776,0.349289586,0,2018_survey
4D,2018-04-27,50.13192,-103.84162,1.9,0.57,19.4,12.45,167.2,0.09,9.66,190,8.93,1420,20,40,35.5,20.481,13.003,54.24237007,1.962616042,0.325923413,29.02497538,1.545517204,0.307963255,3.478923879,0.254395497,0.258334848,0,1.85792952,30.6422229,1.717780733,1.199262541,0,2018_survey
56A,2018-04-27,50.13223,-103.856,3,0.41,16,9.34,2147,1.35,8.73,40,11.32,1620,120,140,11.57142857,36.096,22.086,9.09793596,0.018282811,0.00864685,0.05370638,0.184714855,0,6.148783155,0.125410772,0.117601563,1.276494552,0.333103434,4.766422909,0,0.460350981,1160.93,2018_survey
56B,2018-05-01,50.43912,-103.67136,2.9,0.76,15.2,8.87,2426,1.57,8.61,60,6.06,2340,360,420,5.571428571,56.128,31.822,15.74652429,0.639132724,0.890064117,0.487778236,0.731027496,0,2.384868582,0.094539533,0.178038736,0,0,5.465852622,0.137030433,0.494356977,1379.36,2018_survey
23A,2018-05-01,50.44346,-103.65918,0.8,0.24,12.6,9.67,151.5,0.09,9.41,40,5.94,930.53,9.13,40,23.26325,21.191,11.377,65.93288888,7.938120241,0.481920712,2.05143281,5.810129816,5.803912729,7.068402363,0.685742808,0.198521884,0,0,25.70526471,9.144592062,2.286731712,0,2018_survey
32C,2018-05-01,50.44168,-103.67525,2.1,0.37,13.4,7.81,1668,1.1,8.6,60,4.16,1790,250,330,5.424242424,43.126,21.624,18.55967033,2.451980058,0.260587673,0.745097786,0.427339878,0.332795931,2.008686215,0.136255393,0.023049014,0,0.362603366,8.163978508,0.355933763,1.233998886,952.08,2018_survey
14A,2018-05-03,50.23994,-105.9978,2.6,0.55,11.3,7.37,2417,1.73,8.92,240,9.02,3550,1770,1900,1.868421053,56.928,38.182,62.6603405,2.776905131,3.997682565,9.922722139,1.50700231,0.307264571,3.800972936,0,0.082939563,0,0,22.10776069,1.256481825,1.373083002,1408.49,2018_survey
14B,2018-05-03,50.25332,-106.07288,3,1.3,14.4,8.98,769,0.48,8.33,70,10.13,1990,280,330,6.03030303,41.531,24.814,4.362215833,1.999203247,0.116161972,0.94297111,0.611511104,0.166592212,0.651350656,0.051513478,0.155717661,0,0,6.612304939,0,0.191181144,299.6,2018_survey
68A,2018-05-03,50.34252,-106.50837,0.55,0.55,10.6,7.73,403.5,0.27,7.91,580,104.64,2520,40,80,31.5,34.085,20.657,2.50085744,0.129515154,0.044158351,0.028122992,0.052894436,0.063311095,0.014701149,0.004000037,0.009195238,0,0.010806416,0.332204519,0.100780146,0.022155461,230.6,2018_survey
32A,2018-05-03,50.31711,-106.50468,2.6,0.41,18.7,10.68,1623,0.95,8.88,40,13.14,2230,390,470,4.744680851,52.526,29.976,34.52024315,0.326433503,0.034316628,0.795192401,2.155117266,0.54653916,10.56028368,0.442704587,0.572776781,4.312296044,0.741735951,17.22149616,0.708676904,0.80528823,1148.22,2018_survey
32B,2018-05-03,50.31048,-106.42418,1.6,0.78,20.3,11.64,1504,0.85,8.9,120,73.78,2180,1110,1160,1.879310345,52.508,23.323,32.34703125,0.484245916,0.818026515,0.286759063,0.649452397,0.433735309,1.352421093,0.054721073,0.029955925,0,0,6.093822054,0.704082026,0.216323017,640.64,2018_survey
23A,2018-05-14,50.33812,-104.48416,1.9,0.44,20.8,8.5,200,0.1,9.15,10,38.27,942.01,20,40,23.55025,24.918,11.091,32.22990094,3.418321046,0.139089215,0.654354638,1.726480761,0.979759232,4.09105242,0.414421257,0.24377405,6.279122941,0,13.17885448,0.875965801,1.205929904,0,2018_survey
4A,2018-05-14,50.12533,-103.86,2.3,0,18.8,7.03,234,0.13,8.26,30,124.95,1620,80,110,14.72727273,31.477,18.183,19.58313206,0.12934451,0.002291163,0.010126151,3.548789907,2.19088044,2.712504587,0.075821947,0.051973027,0,0,11.70349734,1.976068146,0.726798626,0,2018_survey
4D,2018-05-14,50.13191,-103.84151,2,1.52,18.3,8.02,209.9,0.11,8.48,30,174.39,1440,5.1,30,48,23.333,13.599,1.599500633,0.145803534,0.013117815,0.128400923,0.091063137,0.051087833,0.067076304,0.029684344,0.015662703,0.164582066,0,1.09609192,0.122926261,0.073978311,0,2018_survey
66A,2018-05-14,50.23981,-105.99783,2.9,1.12,17.8,4.46,1301,0.76,7.75,140,9.23,2100,120,160,13.125,55.633,28.332,2.056160265,0.031167467,0.031283189,0.38610468,0.074453856,0.015979964,0.13982334,0.020018709,0.017910524,0,0,1.345999105,0.107625278,0.057203749,0,2018_survey
66C,2018-05-15,50.24012,-105.99752,3.3,0.57,17.2,7.21,309.4,0.17,8.13,70,6.89,1150,40,70,16.42857143,30.104,17.531,74.81552098,3.029442618,0.368291748,8.302605686,5.832564939,4.654420662,5.018106696,1.354382487,1.112279264,52.98084987,0,49.95833828,3.447431468,2.018564554,0,2018_survey
4A,2018-05-15,50.23971,-106.12102,2.2,0.35,24.9,10.06,258.3,0.12,8.89,60,14.57,1560,40,70,22.28571429,29.034,18.048,24.09115043,0.408444298,0.190128356,0.388265385,1.835001684,0.208794715,3.843176056,0.144578088,0.098663015,0,0,8.035392334,1.558071771,0.547735616,0,2018_survey
66A,2018-05-15,50.33087,-106.50793,2.7,0.2,24.8,14.79,1695,0.85,8.9,50,67.97,2500,10,60,41.66666667,64.694,33.258,82.66052996,3.791808156,0.157705342,0.984294318,3.28535265,0.89395266,2.059227209,3.078878616,2.903533302,22.37587565,0,69.6894899,2.701443965,6.098276838,956.94,2018_survey
66B,2018-05-15,50.31702,-106.50481,3.3,0.81,21.8,6.68,1734,0.94,9.06,80,7.12,2070,10,30,69,48.717,30.198,13.54618669,4.029145779,0.232186474,0.92377316,1.053961681,0.127682651,1.324021937,0.065986873,0.085846096,0,0,8.681501934,0.320352207,0.46359798,1120.67,2018_survey
66C,2018-05-15,50.31962,-106.42397,3,0.77,23.6,8.72,363.5,0.18,8.93,80,6.62,1260,9.28,30,42,29.869,17.235,32.76940136,5.784755478,0.328140387,0.331028018,4.438012712,2.335650597,3.38458674,0,0.113661259,0,0,27.30955905,2.107947276,1.211079409,75.41,2018_survey
61B,2018-05-16,50.33759,-104.50432,2.2,0.46,22.4,6.57,4638,2.48,7.88,540,205.55,2650,20,20,132.5,27.982,25.207,2.527757979,0.406488127,0.02224974,0.100218083,0.269540461,0.106397812,0.190670652,0.009126741,0.020282223,0,0,1.355748751,0.078721087,0.0779267,1908.08,2018_survey
61C,2018-05-16,50.35229,-104.57446,2.5,0.48,22.4,13.04,488.4,0.24,10.14,150,7.65,2110,4.66,40,52.75,20.136,21.848,137.3536454,0.05081882,0.115772474,0.115804383,3.010914032,0,0.679235331,6.314159629,5.549471564,79.74915986,1.617311931,87.52316404,3.189852426,8.117848736,321.62,2018_survey
62B,2018-05-16,49.98368,-105.28643,1.3,0.68,21.5,2.95,1249,0.67,8.69,520,227.59,3340,110,180,18.55555556,88.757,28.402,14.389729,0.152816587,0.027022335,0.217652909,0.088692634,0.0459205,0.223114326,0.031586419,0.029066851,0,0,1.243894866,0.014266019,0.111546373,278.89,2018_survey
62C,2018-05-16,49.98285,-105.30256,1.6,1.22,21.9,2.21,482.4,0.25,8.72,30,399.32,2260,280,290,7.793103448,54.27,21.372,2.351845267,0.007530931,0.066013454,0.189635238,0.042269115,0.057741932,0.056348422,0,0.00348394,0,0,1.172564345,0.037792555,0.017028392,0,2018_survey
4C,2018-05-17,50.48967,-104.50198,1.1,0.36,21.9,9.7,260.1,0.13,9.99,80,5.47,1290,2.73,30,43,21.431,15.794,24.55255672,1.223717181,0.083879483,1.453858257,0.783336679,0.561094579,3.885513783,0.219001589,0.075195902,0,1.994749664,14.65915727,0.411295567,0.762412812,0,2018_survey
4D,2018-05-17,50.44161,-103.67532,0.9,0.92,21.6,6.82,182.4,0.09,9.05,100,6.36,1490,1.58,20,74.5,28.237,15.768,32.31574662,0.337264829,0.026297971,0.31785122,1.690329633,0.157168701,0.950175171,1.702423375,1.393577879,24.92959432,0.19226784,31.49594772,0.659339039,1.448995541,0,2018_survey
56A,2018-05-18,51.04642,-104.65146,3,0.74,21.8,7.81,3640,2.05,8.62,60,7.51,1860,10,50,37.2,46.621,23.641,6.424994575,7.712823474,0.395149272,1.732121838,1.285996854,0.072135079,1.82118736,0.104893867,0.059970047,0,0.650541094,16.24804958,0.773943272,0.911692021,1356.1,2018_survey
56B,2018-05-18,50.99501,-104.68562,1.6,0.71,22.2,6.96,3751,2.1,8.49,80,5.37,2520,110,170,14.82352941,65.795,32.742,27.65595328,0.639132724,0.890064117,0.487778236,0.731027496,0,2.384868582,0.094539533,0.178038736,0,0,5.465852622,0.137030433,0.494356977,2844.45,2018_survey
23A,2018-05-18,50.63361,-104.68494,1.8,0,25.8,16.32,205.1,0.1,10.16,140,11.15,1410,10,40,35.25,15.851,15.997,290.0225639,0,0.663429202,27.89687376,11.14355757,0.551123081,33.12929088,10.07950849,9.712157963,254.8377123,6.745910338,207.736532,13.99289436,30.27022641,0,2018_survey
32A,2018-05-23,50.43921,-103.67125,2.6,0.86,22.2,8.25,1951,1.06,8.72,110,16.68,2380,510,570,4.175438596,63.358,28.143,13.59589184,0.098835737,0.001527442,0.592893459,0.43120094,0.185184953,1.496999303,0.343952371,0.214351747,4.244838511,0,9.258117239,0.415155233,0.739894097,771.51,2018_survey
32B,2018-05-23,50.44347,-103.65919,2.2,0.58,22.5,6.76,1758,0.94,8.99,70,7.36,2080,540,580,3.586206897,50.303,23.735,16.79238675,0.940747504,0.048041109,1.896358239,1.210390843,0.57217402,4.290347014,0.071128005,0.079141207,0,0,9.503865626,0.677049595,1.061612267,682.56,2018_survey
32C,2018-06-11,50.4921,-104.50244,2,1.2,21.4,6.79,2513,1.4,9.03,60,196.63,2390,160,210,11.38095238,45.867,24.526,7.952667687,0.088754432,0,1.377591564,0.165620891,0.139374142,0.154787557,0.080488158,0.05632576,0.377737467,0,5.2364323,0.179668474,0.109482116,1284.77,2018_survey
14A,2018-06-11,50.41559,-104.59258,4,1.64,21.4,4.08,4387,2.48,8.3,80,2967.72,9300,2890,3800,2.447368421,96.088,45.595,2.147060513,0.069844662,0.018084278,0.046897457,0.190559178,0.112739913,0.143438481,0.009446461,0.005644613,0,0,1.27089242,0.065265866,0.058698097,2501.16,2018_survey
14B,2018-06-11,50.35251,-104.57001,2.3,2.23,23,6.35,1024,0.53,8.69,30,236.96,2530,140,180,14.05555556,41.572,26.508,0.619299755,0.011583791,0,0,0.031121311,0,0.025153033,0.005224582,0,0,0,0.209005598,0,0.03160726,435.25,2018_survey
68A,2018-06-12,50.12525,-103.86214,0.36,0.36,25.8,10.6,276.6,0.12,9.36,30,131.11,2480,910,960,2.583333333,30.243,25.507,27.00642905,3.114390375,0.411187414,0.110483184,1.883061758,1.982797975,1.70802546,0.131821285,0.146745463,0,0,10.05382039,2.406528023,0.69515887,0,2018_survey
62E,2018-06-12,50.13323,-103.85588,2.1,1.09,21.3,5.31,3707,2.12,8.09,160,1010,6400,1090,1200,5.333333333,76.173,52.871,9.618551507,0.035078538,0.016456661,0.048262885,0.367999093,0.216910301,0.100305652,0.246468714,0.185195484,2.077590747,0.067075132,5.706823346,0.020215034,0.478165326,1183.63,2018_survey
4A,2018-07-09,50.34101,-104.48717,1.6,0.71,20.5,6.89,215.5,0.11,9,90,12.82,1880,160,220,8.545454545,25.738,21.194,36.55960612,1.191203957,0.15825573,2.430057588,2.431286853,3.040911028,3.021891199,0.236359114,0.171520584,0,0,14.99654228,3.145091031,0.947562622,0,2018_survey
4D,2018-07-09,50.12812,-103.86219,1.6,1.6,20.4,6.63,174.7,0.09,8.99,320,18.96,2390,20,70,34.14285714,22.544,20.691,13.9208689,0.747482071,0.021529296,0.263496929,0.455516403,0.739531123,0.51425254,0.384388824,0.316845224,8.269090389,0,8.192838306,0.380857283,0.596093731,0,2018_survey
23A,2018-07-09,51.04916,-104.65126,1.3,0.17,26.1,14.82,210.5,0.09,9.96,130,5.87,1590,20,40,39.75,13.659,19.255,210.1183484,0.764488192,0.175981696,8.723643932,12.5392845,3.453092636,19.11022732,11.94679425,10.6131697,261.7049074,25.26137539,160.6202708,10.6891282,34.49371414,0,2018_survey
66A,2018-07-09,50.13615,-103.85575,2.6,1.65,23,4.76,1789,0.94,8.09,110,11.14,2370,10,40,59.25,71.534,33.576,8.564597167,0.04927909,0.062773627,1.083187172,0,0.019248331,0.041432651,0,0.012444988,0,0,3.713967004,0.22783443,0.039716777,634.04,2018_survey
66C,2018-07-10,50.24009,-105.9979,2.5,0.87,21.8,9.23,381.4,0.2,8.55,60,5.21,1410,3.35,40,35.25,35.304,18.549,44.1878002,8.931576143,0.515089117,0.921790396,3.599898039,8.783359236,2.663184474,0.720257089,0.266964252,18.0760781,0,29.17409755,3.663465503,2.19042353,0,2018_survey
4A,2018-07-10,50.2535,-106.0724,1.1,0.53,6.4,10.55,182.9,0.14,8.29,300,20.68,2360,100,150,15.73333333,33.904,21.929,94.78303683,2.024670693,0.413906261,15.58762638,2.593218539,4.314502075,2.784665139,0,0.148543561,0,0,55.06213879,4.093932081,1.071159933,0,2018_survey
66A,2018-07-10,50.33086,-106.50809,2.4,1.03,6.5,5.32,1994,1.02,7.93,730,17.35,2950,50,80,36.875,79.829,29.478,23.13024753,0,0.491859268,1.412485609,0.040989289,0.216587256,1.137876881,0,0.027172233,0,0,7.745171955,0.09343606,0.246451265,641.32,2018_survey
66B,2018-07-10,50.31711,-106.50481,2.5,0.35,6,11.69,1568,1.27,7.96,80,31.89,2340,3.56,40,58.5,66.079,31.904,33.84759858,3.023832154,0.622241726,1.181813583,2.017087696,1.066356686,2.483530886,0.661965072,0.06046663,0,1.475445011,22.83051008,0.545016883,2.290791613,946.59,2018_survey
66C,2018-07-11,50.33754,-104.50428,2.3,0.34,6.4,9.9,303.4,0.23,8.23,70,4.77,1470,9.78,50,29.4,44.145,20.162,87.55597246,12.57579838,0.484352364,1.038387884,7.422832916,6.226974138,3.921960492,0,0.501136868,0,0,35.48522529,2.601391956,1.214817369,0,2018_survey
61B,2018-07-11,50.35228,-104.57455,2,0.23,6.3,10.63,3757,2.82,8.22,790,141.66,3440,2.21,30,114.6666667,27.181,32.245,81.080069,4.585524453,1.01167705,0.846684501,21.15358617,3.311340957,11.62058544,0.335745968,1.046524585,0,0,47.32496195,6.841024051,5.890594714,2820.31,2018_survey
61C,2018-07-11,49.98364,-105.28638,2.5,0.28,6.8,9.87,427,0.28,8.39,730,35.05,3040,60,80,38,42.826,25.266,81.080069,5.587423104,0.097794481,0.782255287,1.356031298,0.370449044,2.320274226,0.743540655,0.537712841,6.720131089,0.563280325,17.1459856,0.55884735,1.525729181,7007.04,2018_survey
62B,2018-07-11,49.98269,-105.30227,0.65,0.11,7.3,9.55,1252,0.96,8.74,80,15.23,2910,10,60,48.5,109.234,33.408,99.12217316,3.952942522,0.775367797,7.249463639,9.488568507,4.827866683,18.73541399,0.513058387,0.151072833,0,0,67.19096301,3.505460461,5.088551939,411.8,2018_survey
62C,2018-07-12,50.48915,-104.50243,0.88,0.1,7.8,11.94,424.6,0.31,9.09,190,11.38,2010,90,150,13.4,61.541,22.12,249.7791515,11.14692707,3.820820044,20.41420109,10.46221032,16.91355901,51.6785519,14.07402627,1.504039655,0,0,187.9587604,8.488046939,18.84419925,195.62,2018_survey
62E,2018-07-12,50.43926,-103.67132,1.7,0.56,8.2,8.6,3424,2.71,8.28,3560,184.14,9200,1160,1360,6.764705882,99.96,66.54,12.46032267,0.671167083,0.013754718,0.033986498,0.754239494,0.224588697,1.467396018,0.076875101,0.073451813,0,0,5.188110776,0.313762472,0.32997436,1579.23,2018_survey
4C,2018-07-12,50.44346,-103.65916,0.8,0.18,8.9,9.24,378.4,0.18,8.27,50,5.18,1740,1.66,20,87,30.796,16.736,30.58244708,3.671965642,1.247339769,1.68494401,2.925072218,1.351375321,2.596164916,0.436931517,0.237545232,0,0,20.07783013,1.184563398,1.438322256,0,2018_survey
4D,2018-07-12,50.4417,-103.67534,1.1,1.1,8.2,10.12,253.3,0.12,8.67,140,14.54,2300,20,50,46,28.798,23.867,14.83596647,0,0.034049739,2.013973651,0.493428104,0.669673107,0.644575458,0.125302684,0.147333256,0,0.104766109,8.161588747,0.452384919,0.36584899,0,2018_survey
56A,2018-07-13,51.04927,-104.6513,2.7,2.12,7.8,9.34,5844,3.17,8.67,40,5.86,2430,9.33,40,60.75,57.596,30.637,2.72250326,0.025163432,0.004582326,0.017919821,0.067496759,0.063311095,0.122200599,0.015749592,0.001710172,0,0,1.059759692,0.048245814,0.087703023,1845.89,2018_survey
56B,2018-07-13,50.99784,-104.68556,1.4,0.28,7.1,9.5,4929,2.64,9.3,590,75.17,3640,230,270,13.48148148,39.407,39.587,50.62111404,18.64304247,1.146364787,1.826282341,1.697706599,0.327700871,6.225680749,0.356644353,0.343877206,0,0,21.53147971,0.490061523,2.273075676,2473.27,2018_survey
23A,2018-07-13,50.63651,-104.68465,1.3,0.15,7.6,12.92,147.6,0.11,9.31,50,9.26,1660,10,50,33.2,24.57,19.244,306.2263103,0.234865356,1.578687784,27.49993053,27.53331882,6.385557035,37.4599011,5.869758993,0,0,11.61780361,215.0850636,19.06352945,19.21627545,0,2018_survey
32A,2018-07-16,50.3102,-106.42397,1.5,0.2,6.5,0.87,1890,1.35,8.82,2010,17.3,5640,720,800,7.05,77.767,38.127,18.7283448,0,0.445819618,0.131148691,0.71237364,1.614432921,0.431957776,0.112253959,0,0,0,5.117437953,0.50159565,0.763230897,1200.67,2018_survey
32B,2018-08-08,50.33809,-104.48415,1.3,0.56,6.7,11.67,1411,1.11,8.72,120,6.4,2540,520,580,4.379310345,55.543,28.791,90.02100883,0,0.194290635,15.17618971,1.093281627,0.996200079,1.40161075,0,0,0,0,46.72820419,2.776144568,1.155698187,900.35,2018_survey
32C,2018-08-08,50.3523,-104.57443,1.7,1.6,6.4,9.51,2199,1.79,8.98,80,12.58,2830,60,130,21.76923077,46.541,31.373,5.417135438,0.060171043,0.084753944,0.365982051,0.470735163,0.44345742,0.538357014,0.065872215,0.0032312,0,0.064276303,5.301344336,0.381617054,0.415556261,1445.79,2018_survey
14A,2018-08-09,50.49117,-104.50245,3.2,0.37,6,9.55,3562,3.01,8.62,650,82.43,5820,1820,1830,3.180327869,99.942,53.38,116.6943302,12.91946753,1.283509598,2.647599653,6.116984175,7.629303494,9.62465511,0,0.129444092,0,0,59.14849053,4.468205687,5.184377818,1946.36,2018_survey
14B,2018-08-09,50.12717,-103.86216,1.8,0.48,5.9,11.52,716,0.56,9.36,70,18.25,2430,160,210,11.57142857,39.222,29.123,27.53286956,5.327637796,0.20815981,4.163462238,1.200055801,0.659701609,2.325827407,0,0.071869807,0,0.569408047,16.11140071,0.327042294,1.012490515,439.64,2018_survey
,2018-08-09,50.13323,-103.85607,,,,,,,,,,,,,,,,,,,,,,,,,,,,,,,
,2018-09-24,50.3384,-104.48415,,,,,,,,,,,,,,,,,,,,,,,,,,,,,,,
,2018-09-24,50.12533,-103.86203,,,,,,,,,,,,,,,,,,,,,,,,,,,,,,,
,2018-09-24,NA,NA,,,,,,,,,,,,,,,,,,,,,,,,,,,,,,,
,2018-09-24,50.13322,-103.8559,,,,,,,,,,,,,,,,,,,,,,,,,,,,,,,
,2018-09-25,NA,NA,,,,,,,,,,,,,,,,,,,,,,,,,,,,,,,
,2018-09-25,NA,NA,,,,,,,,,,,,,,,,,,,,,,,,,,,,,,,
,2018-09-25,50.33081,-106.5079,,,,,,,,,,,,,,,,,,,,,,,,,,,,,,,
,2018-09-25,50.3171,-106.50484,,,,,,,,,,,,,,,,,,,,,,,,,,,,,,,
,2018-09-25,50.3106,-106.42401,,,,,,,,,,,,,,,,,,,,,,,,,,,,,,,
,2018-09-26,50.35229,-104.57451,,,,,,,,,,,,,,,,,,,,,,,,,,,,,,,
,2018-09-26,50.35228,-104.5745,,,,,,,,,,,,,,,,,,,,,,,,,,,,,,,
,2018-09-26,49.98368,-105.28632,,,,,,,,,,,,,,,,,,,,,,,,,,,,,,,
,2018-09-26,49.98273,-105.30236,,,,,,,,,,,,,,,,,,,,,,,,,,,,,,,
,2018-09-27,50.48923,-104.50234,,,,,,,,,,,,,,,,,,,,,,,,,,,,,,,
,2018-09-27,50.43913,-103.6713,,,,,,,,,,,,,,,,,,,,,,,,,,,,,,,
,2018-09-27,50.44349,-104.65914,,,,,,,,,,,,,,,,,,,,,,,,,,,,,,,
,2018-09-27,50.44157,-103.67523,,,,,,,,,,,,,,,,,,,,,,,,,,,,,,,
,2018-09-28,51.04644,-104.65128,,,,,,,,,,,,,,,,,,,,,,,,,,,,,,,
,2018-09-28,50.99506,-104.68568,,,,,,,,,,,,,,,,,,,,,,,,,,,,,,,
,2019-08-15,52.62556,-104.65647,,,,,,,,,,,,,,,,,,,,,,,,,,,,,,,
,2019-08-09,50.27657,-103.71396,,,,,,,,,,,,,,,,,,,,,,,,,,,,,,,
,2019-08-07,50.27657,-103.71396,,,,,,,,,,,,,,,,,,,,,,,,,,,,,,,
,2019-08-09,50.3385,-104.6526,,,,,,,,,,,,,,,,,,,,,,,,,,,,,,,
,2019-08-23,52.41585,-107.9313612,,,,,,,,,,,,,,,,,,,,,,,,,,,,,,,
,2019-08-19,50.77323,-107.94032,,,,,,,,,,,,,,,,,,,,,,,,,,,,,,,
,2019-08-12,50.27657,-103.71396,,,,,,,,,,,,,,,,,,,,,,,,,,,,,,,
,2019-08-20,51.67179,-107.29442,,,,,,,,,,,,,,,,,,,,,,,,,,,,,,,
,2019-07-25,50.35272,-104.5743,,,,,,,,,,,,,,,,,,,,,,,,,,,,,,,
,2019-08-15,49.26145,-108.40921,,,,,,,,,,,,,,,,,,,,,,,,,,,,,,,
,2019-07-26,50.33816,-104.48395,,,,,,,,,,,,,,,,,,,,,,,,,,,,,,,
,2019-07-26,50.33742,-104.50426,,,,,,,,,,,,,,,,,,,,,,,,,,,,,,,
,2019-08-22,52.63776,-107.45093,,,,,,,,,,,,,,,,,,,,,,,,,,,,,,,
,2019-08-23,52.65966,-107.37453,,,,,,,,,,,,,,,,,,,,,,,,,,,,,,,
,2019-08-06,50.41843,-104.59267,,,,,,,,,,,,,,,,,,,,,,,,,,,,,,,
,2019-08-23,52.64002,-107.4598,,,,,,,,,,,,,,,,,,,,,,,,,,,,,,,
,2019-08-02,50.13326,-103.85594,,,,,,,,,,,,,,,,,,,,,,,,,,,,,,,
,2019-08-01,50.3171,-106.50483,,,,,,,,,,,,,,,,,,,,,,,,,,,,,,,
,2019-08-26,52.61404,-107.40237,,,,,,,,,,,,,,,,,,,,,,,,,,,,,,,
,2019-07-22,49.97314,-101.76759,,,,,,,,,,,,,,,,,,,,,,,,,,,,,,,
,2019-07-22,50.02257,-101.88377,,,,,,,,,,,,,,,,,,,,,,,,,,,,,,,
,2019-08-09,49.52956,-101.91077,,,,,,,,,,,,,,,,,,,,,,,,,,,,,,,
,2019-08-26,52.61404,-107.40237,,,,,,,,,,,,,,,,,,,,,,,,,,,,,,,
,2019-07-22,50.10677,-102.0385,,,,,,,,,,,,,,,,,,,,,,,,,,,,,,,
,2019-07-25,50.39611,-104.57735,,,,,,,,,,,,,,,,,,,,,,,,,,,,,,,
,2019-08-20,51.41349,-107.00169,,,,,,,,,,,,,,,,,,,,,,,,,,,,,,,
,2019-08-13,52.62791,-104.71501,,,,,,,,,,,,,,,,,,,,,,,,,,,,,,,
,2019-07-25,50.35351,-104.57767,,,,,,,,,,,,,,,,,,,,,,,,,,,,,,,
,2019-08-07,50.282,-103.71049,,,,,,,,,,,,,,,,,,,,,,,,,,,,,,,
,2019-08-23,52.40302,-107.93,,,,,,,,,,,,,,,,,,,,,,,,,,,,,,,
,2019-08-12,50.57324,-104.47174,,,,,,,,,,,,,,,,,,,,,,,,,,,,,,,
,2019-08-06,49.83188,-101.75697,,,,,,,,,,,,,,,,,,,,,,,,,,,,,,,
,2019-08-12,52.69182,-106.02981,,,,,,,,,,,,,,,,,,,,,,,,,,,,,,,
,2019-08-07,49.52956,-101.91077,,,,,,,,,,,,,,,,,,,,,,,,,,,,,,,
,2019-08-19,51.34095,-108.04356,,,,,,,,,,,,,,,,,,,,,,,,,,,,,,,
,2019-07-23,49.95122,-101.79041,,,,,,,,,,,,,,,,,,,,,,,,,,,,,,,
,2019-07-23,49.99197,-101.92989,,,,,,,,,,,,,,,,,,,,,,,,,,,,,,,
,2019-08-19,50.77323,-107.94032,,,,,,,,,,,,,,,,,,,,,,,,,,,,,,,
,2019-08-23,52.61742,-107.39539,,,,,,,,,,,,,,,,,,,,,,,,,,,,,,,
,2019-07-22,50.33759,-104.5043,,,,,,,,,,,,,,,,,,,,,,,,,,,,,,,
,2019-08-23,52.40824,-107.92889,,,,,,,,,,,,,,,,,,,,,,,,,,,,,,,
,2019-08-19,51.13848,-107.53661,,,,,,,,,,,,,,,,,,,,,,,,,,,,,,,
,2019-08-06,49.85824,-101.71197,,,,,,,,,,,,,,,,,,,,,,,,,,,,,,,
,2019-07-30,50.25336,-106.07265,,,,,,,,,,,,,,,,,,,,,,,,,,,,,,,
,2019-08-07,49.52956,-101.91077,,,,,,,,,,,,,,,,,,,,,,,,,,,,,,,
,2019-08-22,52.7192,-108.88517,,,,,,,,,,,,,,,,,,,,,,,,,,,,,,,
,2019-08-19,51.14618,-107.53635,,,,,,,,,,,,,,,,,,,,,,,,,,,,,,,
,2019-08-20,51.42598,-107.00045,,,,,,,,,,,,,,,,,,,,,,,,,,,,,,,
,2019-08-12,52.5202,-105.21881,,,,,,,,,,,,,,,,,,,,,,,,,,,,,,,
,2019-07-23,49.85825,-101.71197,,,,,,,,,,,,,,,,,,,,,,,,,,,,,,,
,2019-08-20,51.67617,-107.29414,,,,,,,,,,,,,,,,,,,,,,,,,,,,,,,
,2019-08-12,52.61552,-104.81329,,,,,,,,,,,,,,,,,,,,,,,,,,,,,,,
,2019-08-01,49.85824,-101.71197,,,,,,,,,,,,,,,,,,,,,,,,,,,,,,,
,2019-08-23,52.61403,-107.40232,,,,,,,,,,,,,,,,,,,,,,,,,,,,,,,
,2019-08-15,49.26095,-108.40903,,,,,,,,,,,,,,,,,,,,,,,,,,,,,,,
,2019-08-26,51.5536,102.76508,,,,,,,,,,,,,,,,,,,,,,,,,,,,,,,
,2019-07-29,50.99505,-104.68559,,,,,,,,,,,,,,,,,,,,,,,,,,,,,,,
,2019-08-16,49.29763,-109.10854,,,,,,,,,,,,,,,,,,,,,,,,,,,,,,,
,2019-08-19,50.79424,-107.93133,,,,,,,,,,,,,,,,,,,,,,,,,,,,,,,
,2019-08-06,49.52958,-101.91078,,,,,,,,,,,,,,,,,,,,,,,,,,,,,,,
,2019-08-16,50.39859,-109.08987,,,,,,,,,,,,,,,,,,,,,,,,,,,,,,,
,2019-08-16,50.35455,-108.87635,,,,,,,,,,,,,,,,,,,,,,,,,,,,,,,
,2019-08-22,52.67894,-108.9073,,,,,,,,,,,,,,,,,,,,,,,,,,,,,,,
,2019-08-16,49.32994,-109.04883,,,,,,,,,,,,,,,,,,,,,,,,,,,,,,,
,2019-07-22,49.99197,-101.92989,,,,,,,,,,,,,,,,,,,,,,,,,,,,,,,
,2019-07-22,50.1083644,-102.0415319,,,,,,,,,,,,,,,,,,,,,,,,,,,,,,,
,2019-08-02,50.13197,-104.83163,,,,,,,,,,,,,,,,,,,,,,,,,,,,,,,
,2019-08-26,51.77976,-103.42545,,,,,,,,,,,,,,,,,,,,,,,,,,,,,,,
,2019-08-20,51.50302,-106.83578,,,,,,,,,,,,,,,,,,,,,,,,,,,,,,,
,2019-08-15,49.25732,-108.40901,,,,,,,,,,,,,,,,,,,,,,,,,,,,,,,
,2019-08-20,51.68453,-107.21783,,,,,,,,,,,,,,,,,,,,,,,,,,,,,,,
,2019-08-16,49.33157,-109.10519,,,,,,,,,,,,,,,,,,,,,,,,,,,,,,,
,2019-08-07,49.52956,-101.91077,,,,,,,,,,,,,,,,,,,,,,,,,,,,,,,
,2019-07-29,51.04659,-104.65096,,,,,,,,,,,,,,,,,,,,,,,,,,,,,,,
,2019-08-27,51.37141,-102.58296,,,,,,,,,,,,,,,,,,,,,,,,,,,,,,,
,2019-08-26,51.77518,-103.46144,,,,,,,,,,,,,,,,,,,,,,,,,,,,,,,
,2019-08-01,50.31067,-106.4241,,,,,,,,,,,,,,,,,,,,,,,,,,,,,,,
,2019-08-26,51.80564,-103.37805,,,,,,,,,,,,,,,,,,,,,,,,,,,,,,,
,2019-08-22,52.64003,-107.45976,,,,,,,,,,,,,,,,,,,,,,,,,,,,,,,
,2019-08-16,50.39629,-109.11735,,,,,,,,,,,,,,,,,,,,,,,,,,,,,,,
,2019-08-06,49.52991,-101.89362,,,,,,,,,,,,,,,,,,,,,,,,,,,,,,,
,2019-08-26,51.80381,-103.40324,,,,,,,,,,,,,,,,,,,,,,,,,,,,,,,
,2019-07-23,49.97314,-101.76761,,,,,,,,,,,,,,,,,,,,,,,,,,,,,,,
,2019-08-19,51.3432,-108.06297,,,,,,,,,,,,,,,,,,,,,,,,,,,,,,,
,2019-08-22,52.62406,-107.45499,,,,,,,,,,,,,,,,,,,,,,,,,,,,,,,
,2019-08-13,52.55168,-103.89573,,,,,,,,,,,,,,,,,,,,,,,,,,,,,,,
,2019-08-02,50.12535,-103.86206,,,,,,,,,,,,,,,,,,,,,,,,,,,,,,,
,2019-08-01,49.93433,-105.29492,,,,,,,,,,,,,,,,,,,,,,,,,,,,,,,
,2019-07-30,50.24011,-105.99783,,,,,,,,,,,,,,,,,,,,,,,,,,,,,,,
,2019-08-01,49.98365,-105.28638,,,,,,,,,,,,,,,,,,,,,,,,,,,,,,,
,2019-08-26,51.79862,-103.40493,,,,,,,,,,,,,,,,,,,,,,,,,,,,,,,
,2019-08-01,49.98283,-105.30247,,,,,,,,,,,,,,,,,,,,,,,,,,,,,,,
,2019-07-30,50.23992,-106.12127,,,,,,,,,,,,,,,,,,,,,,,,,,,,,,,
,2020-05-29,50.776242,-104.604241,,,,,,,,,,,,,,,,,,,,,,,,,,,,,,,
,2020-06-03,49.98365,-105.28638,,,,,,,,,,,,,,,,,,,,,,,,,,,,,,,
,2020-06-03,49.98365,-105.28638,,,,,,,,,,,,,,,,,,,,,,,,,,,,,,,
,2020-06-04,49.365196,-103.530343,,,,,,,,,,,,,,,,,,,,,,,,,,,,,,,
,2020-06-04,49.376693,-103.506082,,,,,,,,,,,,,,,,,,,,,,,,,,,,,,,
,2020-06-05,51.04659,-104.65096,,,,,,,,,,,,,,,,,,,,,,,,,,,,,,,
,2020-06-05,50.99505,-104.68559,,,,,,,,,,,,,,,,,,,,,,,,,,,,,,,
,2020-06-30,49.98365,-105.28638,,,,,,,,,,,,,,,,,,,,,,,,,,,,,,,
,2020-06-22,49.90982,-104.44123,,,,,,,,,,,,,,,,,,,,,,,,,,,,,,,
,2020-06-22,49.85506,-104.4464,,,,,,,,,,,,,,,,,,,,,,,,,,,,,,,
,2020-06-23,49.39108,-103.45554,,,,,,,,,,,,,,,,,,,,,,,,,,,,,,,
,2020-06-23,49.30926,-103.45449,,,,,,,,,,,,,,,,,,,,,,,,,,,,,,,
,2020-06-26,50.62983,-106.14088,,,,,,,,,,,,,,,,,,,,,,,,,,,,,,,
,2020-06-29,50.99505,-104.68559,,,,,,,,,,,,,,,,,,,,,,,,,,,,,,,
,2020-06-29,51.04659,-104.65096,,,,,,,,,,,,,,,,,,,,,,,,,,,,,,,
,2020-07-01,50.776242,-104.604241,,,,,,,,,,,,,,,,,,,,,,,,,,,,,,,
,2020-07-02,50.38457,-105.89814,,,,,,,,,,,,,,,,,,,,,,,,,,,,,,,
,2020-07-07,49.376693,-103.506082,,,,,,,,,,,,,,,,,,,,,,,,,,,,,,,
,2020-07-07,49.365196,-103.530343,,,,,,,,,,,,,,,,,,,,,,,,,,,,,,,
,2020-07-02,50.3781,-105.84693,,,,,,,,,,,,,,,,,,,,,,,,,,,,,,,
,2020-07-13,50.60271,-106.14088,,,,,,,,,,,,,,,,,,,,,,,,,,,,,,,
,2020-07-13,50.60353,-106.12261,,,,,,,,,,,,,,,,,,,,,,,,,,,,,,,
,2020-07-14,50.93521,-104.77952,,,,,,,,,,,,,,,,,,,,,,,,,,,,,,,
,2020-07-14,50.92725,-104.78163,,,,,,,,,,,,,,,,,,,,,,,,,,,,,,,
,2020-07-15,49.98365,-105.28638,,,,,,,,,,,,,,,,,,,,,,,,,,,,,,,
,2020-07-16,51.04659,-104.65096,,,,,,,,,,,,,,,,,,,,,,,,,,,,,,,
,2020-07-29,49.98365,-105.28638,,,,,,,,,,,,,,,,,,,,,,,,,,,,,,,
,2020-07-29,49.98365,-105.28638,,,,,,,,,,,,,,,,,,,,,,,,,,,,,,,
,2020-07-30,51.04659,-104.65096,,,,,,,,,,,,,,,,,,,,,,,,,,,,,,,
,2020-07-30,50.99505,-104.68559,,,,,,,,,,,,,,,,,,,,,,,,,,,,,,,
,2020-08-04,49.365196,-103.530343,,,,,,,,,,,,,,,,,,,,,,,,,,,,,,,
,2020-08-04,49.376693,-103.506082,,,,,,,,,,,,,,,,,,,,,,,,,,,,,,,
,2020-08-06,50.776242,-104.604241,,,,,,,,,,,,,,,,,,,,,,,,,,,,,,,
,2020-08-07,49.85506,-104.4464,,,,,,,,,,,,,,,,,,,,,,,,,,,,,,,
,2020-08-07,49.90982,-104.44123,,,,,,,,,,,,,,,,,,,,,,,,,,,,,,,
,2020-08-10,50.93521,-104.77952,,,,,,,,,,,,,,,,,,,,,,,,,,,,,,,
,2020-08-10,50.92725,-104.78163,,,,,,,,,,,,,,,,,,,,,,,,,,,,,,,
,2020-08-11,49.39108,-103.45554,,,,,,,,,,,,,,,,,,,,,,,,,,,,,,,
,2020-08-11,49.30926,-103.45449,,,,,,,,,,,,,,,,,,,,,,,,,,,,,,,
,2020-08-12,50.38457,-105.89814,,,,,,,,,,,,,,,,,,,,,,,,,,,,,,,
,2020-08-12,50.3781,-105.84693,,,,,,,,,,,,,,,,,,,,,,,,,,,,,,,
,2020-08-13,50.60353,-106.12261,,,,,,,,,,,,,,,,,,,,,,,,,,,,,,,
,2020-08-13,50.60271,-106.14088,,,,,,,,,,,,,,,,,,,,,,,,,,,,,,,
,2020-08-13,50.62983,-106.14088,,,,,,,,,,,,,,,,,,,,,,,,,,,,,,,
,2020-08-17,51.04659,-104.65096,,,,,,,,,,,,,,,,,,,,,,,,,,,,,,,
,2020-08-17,49.98365,-105.28638,,,,,,,,,,,,,,,,,,,,,,,,,,,,,,,
,2021-06-07,52.19509,-106.05132,,,,,,,,,,,,,,,,,,,,,,,,,,,,,,,
,2021-06-08,50.61192,-105.88571,,,,,,,,,,,,,,,,,,,,,,,,,,,,,,,
,2021-06-08,50.60282,-106.12313,,,,,,,,,,,,,,,,,,,,,,,,,,,,,,,
,2021-06-08,50.62984,-106.14101,,,,,,,,,,,,,,,,,,,,,,,,,,,,,,,
,2021-05-17,NA,NA,,,,,,,,,,,,,,,,,,,,,,,,,,,,,,,
,2021-05-17,50.43597,-104.58324,,,,,,,,,,,,,,,,,,,,,,,,,,,,,,,
,2021-05-17,50.41839,-105.73692,,,,,,,,,,,,,,,,,,,,,,,,,,,,,,,
,2021-05-19,50.41839,-105.73692,,,,,,,,,,,,,,,,,,,,,,,,,,,,,,,
,2021-05-19,NA,NA,,,,,,,,,,,,,,,,,,,,,,,,,,,,,,,
,2021-05-19,50.41839,-105.73692,,,,,,,,,,,,,,,,,,,,,,,,,,,,,,,
,2021-05-20,50.3381,-104.48414,,,,,,,,,,,,,,,,,,,,,,,,,,,,,,,
,2021-05-26,50.73561,-104.89011,,,,,,,,,,,,,,,,,,,,,,,,,,,,,,,
,2021-05-26,50.7761,-104.60447,,,,,,,,,,,,,,,,,,,,,,,,,,,,,,,
,2021-05-26,50.57227,-104.47833,,,,,,,,,,,,,,,,,,,,,,,,,,,,,,,
,2021-05-25,49.37673,-103.50586,,,,,,,,,,,,,,,,,,,,,,,,,,,,,,,
,2021-05-28,50.57221,-104.47826,,,,,,,,,,,,,,,,,,,,,,,,,,,,,,,
,2021-05-28,50.12533,-103.86212,,,,,,,,,,,,,,,,,,,,,,,,,,,,,,,
,2021-05-25,49.9837,-105.28631,,,,,,,,,,,,,,,,,,,,,,,,,,,,,,,
,2021-05-25,49.38915,-103.45451,,,,,,,,,,,,,,,,,,,,,,,,,,,,,,,
,2021-06-01,49.93072,-105.29567,,,,,,,,,,,,,,,,,,,,,,,,,,,,,,,
,2021-06-01,49.91398,-105.30031,,,,,,,,,,,,,,,,,,,,,,,,,,,,,,,
,2021-06-01,50.5626,-104.71712,,,,,,,,,,,,,,,,,,,,,,,,,,,,,,,
,2021-06-02,50.61103,-105.88708,,,,,,,,,,,,,,,,,,,,,,,,,,,,,,,
,2021-06-02,50.61192,-105.8857,,,,,,,,,,,,,,,,,,,,,,,,,,,,,,,
,2021-06-03,52.21519,-106.19501,,,,,,,,,,,,,,,,,,,,,,,,,,,,,,,
,2021-06-03,52.20616,-106.05258,,,,,,,,,,,,,,,,,,,,,,,,,,,,,,,
,2021-06-03,52.19511,-106.05131,,,,,,,,,,,,,,,,,,,,,,,,,,,,,,,
,2021-06-07,49.90979,-104.44142,,,,,,,,,,,,,,,,,,,,,,,,,,,,,,,
,2021-06-09,50.37834,-105.8967,,,,,,,,,,,,,,,,,,,,,,,,,,,,,,,
,2021-06-09,50.38453,-105.89819,,,,,,,,,,,,,,,,,,,,,,,,,,,,,,,
,2021-06-10,50.93515,-104.77961,,,,,,,,,,,,,,,,,,,,,,,,,,,,,,,
,2021-06-10,50.9272,-104.78168,,,,,,,,,,,,,,,,,,,,,,,,,,,,,,,
,2021-06-10,50.99503,-104.68571,,,,,,,,,,,,,,,,,,,,,,,,,,,,,,,
,2021-06-10,51.04617,-104.65116,,,,,,,,,,,,,,,,,,,,,,,,,,,,,,,
,2021-06-10,51.04609,-104.6506,,,,,,,,,,,,,,,,,,,,,,,,,,,,,,,
,2021-06-14,49.93419,-105.29489,,,,,,,,,,,,,,,,,,,,,,,,,,,,,,,
,2021-06-14,49.98373,-105.28639,,,,,,,,,,,,,,,,,,,,,,,,,,,,,,,
,2021-06-14,50.92721,-104.78169,,,,,,,,,,,,,,,,,,,,,,,,,,,,,,,
,2021-06-22,50.1231,-103.87336,,,,,,,,,,,,,,,,,,,,,,,,,,,,,,,
,2021-06-22,50.1372,-103.85561,,,,,,,,,,,,,,,,,,,,,,,,,,,,,,,
,2021-06-22,50.33827,-104.5329,,,,,,,,,,,,,,,,,,,,,,,,,,,,,,,
,2021-06-22,50.62981,-106.14088,,,,,,,,,,,,,,,,,,,,,,,,,,,,,,,
,2021-06-21,50.62981,-106.14088,,,,,,,,,,,,,,,,,,,,,,,,,,,,,,,
,2021-06-21,50.62981,-106.14088,,,,,,,,,,,,,,,,,,,,,,,,,,,,,,,
,2021-06-21,50.62981,-106.14088,,,,,,,,,,,,,,,,,,,,,,,,,,,,,,,
,2021-06-24,49.37674,-103.50593,,,,,,,,,,,,,,,,,,,,,,,,,,,,,,,
,2021-06-24,49.36838,-103.53043,,,,,,,,,,,,,,,,,,,,,,,,,,,,,,,
,2021-06-24,49.38922,-103.45455,,,,,,,,,,,,,,,,,,,,,,,,,,,,,,,
,2021-06-24,49.39107,-103.4556,,,,,,,,,,,,,,,,,,,,,,,,,,,,,,,
,2021-06-25,50.6109,-105.88792,,,,,,,,,,,,,,,,,,,,,,,,,,,,,,,
,2021-06-25,50.61158,-105.88594,,,,,,,,,,,,,,,,,,,,,,,,,,,,,,,
,2021-06-23,49.85521,-104.44609,,,,,,,,,,,,,,,,,,,,,,,,,,,,,,,
,2021-06-23,49.90976,-104.4413,,,,,,,,,,,,,,,,,,,,,,,,,,,,,,,
,2021-06-25,49.93107,-103.45561,,,,,,,,,,,,,,,,,,,,,,,,,,,,,,,
,2021-06-25,50.60287,-106.12312,,,,,,,,,,,,,,,,,,,,,,,,,,,,,,,
,2021-06-25,50.60355,-106.12257,,,,,,,,,,,,,,,,,,,,,,,,,,,,,,,
,2021-06-28,50.60284,-106.12312,,,,,,,,,,,,,,,,,,,,,,,,,,,,,,,
,2021-06-28,50.60284,-106.12312,,,,,,,,,,,,,,,,,,,,,,,,,,,,,,,
,2021-06-28,52.19506,-106.05125,,,,,,,,,,,,,,,,,,,,,,,,,,,,,,,
,2021-06-30,49.98375,-105.28645,,,,,,,,,,,,,,,,,,,,,,,,,,,,,,,
,2021-06-30,49.98272,-105.30235,,,,,,,,,,,,,,,,,,,,,,,,,,,,,,,
,2021-06-30,49.93426,-105.29496,,,,,,,,,,,,,,,,,,,,,,,,,,,,,,,
,2021-06-29,50.93519,-104.77962,,,,,,,,,,,,,,,,,,,,,,,,,,,,,,,
,2021-06-29,50.92718,-104.78162,,,,,,,,,,,,,,,,,,,,,,,,,,,,,,,
,2021-06-29,51.04649,-104.65128,,,,,,,,,,,,,,,,,,,,,,,,,,,,,,,
,2021-06-29,50.99504,-104.68574,,,,,,,,,,,,,,,,,,,,,,,,,,,,,,,
,2021-06-30,49.98411,-105.28401,,,,,,,,,,,,,,,,,,,,,,,,,,,,,,,
,2021-06-30,49.93066,-105.29559,,,,,,,,,,,,,,,,,,,,,,,,,,,,,,,
,2021-06-30,49.91415,-105.30047,,,,,,,,,,,,,,,,,,,,,,,,,,,,,,,
,2021-06-30,49.91415,-105.3005,,,,,,,,,,,,,,,,,,,,,,,,,,,,,,,
,2021-07-01,50.38477,-105.84819,,,,,,,,,,,,,,,,,,,,,,,,,,,,,,,
,2021-07-01,50.37806,-105.89704,,,,,,,,,,,,,,,,,,,,,,,,,,,,,,,
,2021-07-01,50.41839,-105.7369,,,,,,,,,,,,,,,,,,,,,,,,,,,,,,,
,2021-07-01,50.41098,-105.73473,,,,,,,,,,,,,,,,,,,,,,,,,,,,,,,
,2021-07-19,50.77628,-104.60445,,,,,,,,,,,,,,,,,,,,,,,,,,,,,,,
,2021-07-19,50.77628,-104.60444,,,,,,,,,,,,,,,,,,,,,,,,,,,,,,,
,2021-07-19,49.90975,-104.4413,,,,,,,,,,,,,,,,,,,,,,,,,,,,,,,
,2021-07-20,50.33808,-104.48412,,,,,,,,,,,,,,,,,,,,,,,,,,,,,,,
,2021-07-20,50.3381,-104.48415,,,,,,,,,,,,,,,,,,,,,,,,,,,,,,,
,2021-07-20,50.3381,-104.48415,,,,,,,,,,,,,,,,,,,,,,,,,,,,,,,
,2021-07-21,50.99497,-104.68565,,,,,,,,,,,,,,,,,,,,,,,,,,,,,,,
,2021-07-21,51.8038,-103.40331,,,,,,,,,,,,,,,,,,,,,,,,,,,,,,,
,2021-07-21,51.80381,-103.40332,,,,,,,,,,,,,,,,,,,,,,,,,,,,,,,
,2021-07-30,50.61146,-105.88589,,,,,,,,,,,,,,,,,,,,,,,,,,,,,,,
,2021-07-30,50.61035,-105.8885,,,,,,,,,,,,,,,,,,,,,,,,,,,,,,,
,2021-07-29,52.19519,-106.0514,,,,,,,,,,,,,,,,,,,,,,,,,,,,,,,
,2021-07-29,52.20614,-106.05276,,,,,,,,,,,,,,,,,,,,,,,,,,,,,,,
,2021-07-29,52.21526,-106.09499,,,,,,,,,,,,,,,,,,,,,,,,,,,,,,,
,2021-07-28,49.93427,-105.29497,,,,,,,,,,,,,,,,,,,,,,,,,,,,,,,
,2021-07-28,49.98284,-105.30255,,,,,,,,,,,,,,,,,,,,,,,,,,,,,,,
,2021-07-28,49.98365,-105.28641,,,,,,,,,,,,,,,,,,,,,,,,,,,,,,,
,2021-07-28,49.91403,-105.30013,,,,,,,,,,,,,,,,,,,,,,,,,,,,,,,
,2021-07-28,49.91402,-105.30038,,,,,,,,,,,,,,,,,,,,,,,,,,,,,,,
,2021-07-28,49.98395,-105.28391,,,,,,,,,,,,,,,,,,,,,,,,,,,,,,,
,2021-07-27,50.92734,-104.78178,,,,,,,,,,,,,,,,,,,,,,,,,,,,,,,
,2021-07-27,50.93502,-104.7795,,,,,,,,,,,,,,,,,,,,,,,,,,,,,,,
,2021-07-27,50.99506,-104.68577,,,,,,,,,,,,,,,,,,,,,,,,,,,,,,,
,2021-07-27,51.04681,-104.65129,,,,,,,,,,,,,,,,,,,,,,,,,,,,,,,
,2021-07-26,50.60281,-106.12319,,,,,,,,,,,,,,,,,,,,,,,,,,,,,,,
,2021-07-26,50.60352,-106.12233,,,,,,,,,,,,,,,,,,,,,,,,,,,,,,,
,2021-07-23,50.41092,-105.73477,,,,,,,,,,,,,,,,,,,,,,,,,,,,,,,
,2021-07-23,50.41836,-105.73685,,,,,,,,,,,,,,,,,,,,,,,,,,,,,,,
,2021-07-23,50.37809,-105.89693,,,,,,,,,,,,,,,,,,,,,,,,,,,,,,,
,2021-07-23,50.38447,-105.89823,,,,,,,,,,,,,,,,,,,,,,,,,,,,,,,
,2021-07-22,49.39119,-103.45563,,,,,,,,,,,,,,,,,,,,,,,,,,,,,,,
,2021-07-22,49.38928,-103.45458,,,,,,,,,,,,,,,,,,,,,,,,,,,,,,,
,2021-07-22,49.3685,-103.53046,,,,,,,,,,,,,,,,,,,,,,,,,,,,,,,
,2021-07-22,51.79863,-103.40488,,,,,,,,,,,,,,,,,,,,,,,,,,,,,,,
,2021-08-16,50.6109,-105.88743,,,,,,,,,,,,,,,,,,,,,,,,,,,,,,,
,2021-08-16,50.61182,-105.88581,,,,,,,,,,,,,,,,,,,,,,,,,,,,,,,
,2021-08-17,49.98396,-105.28419,,,,,,,,,,,,,,,,,,,,,,,,,,,,,,,
,2021-08-17,50.61182,-105.88581,,,,,,,,,,,,,,,,,,,,,,,,,,,,,,,
,2021-08-17,49.91404,-105.30029,,,,,,,,,,,,,,,,,,,,,,,,,,,,,,,
,2021-08-17,49.93425,-105.29494,,,,,,,,,,,,,,,,,,,,,,,,,,,,,,,
,2021-08-17,49.98315,-105.28632,,,,,,,,,,,,,,,,,,,,,,,,,,,,,,,
,2021-08-17,49.93425,-105.29499,,,,,,,,,,,,,,,,,,,,,,,,,,,,,,,
,2021-08-18,51.80565,-103.37803,,,,,,,,,,,,,,,,,,,,,,,,,,,,,,,
,2021-08-18,51.80383,-103.40329,,,,,,,,,,,,,,,,,,,,,,,,,,,,,,,
,2021-08-18,51.79852,-103.40457,,,,,,,,,,,,,,,,,,,,,,,,,,,,,,,
,2021-05-19,50.60284,-106.12312,,,,,,,,,,,,,,,,,,,,,,,,,,,,,,,
,2021-05-19,52.21169,-106.08,,,,,,,,,,,,,,,,,,,,,,,,,,,,,,,
,2021-05-21,52.21304,-106.08472,,,,,,,,,,,,,,,,,,,,,,,,,,,,,,,
,2021-05-23,52.20899,-106.08587,,,,,,,,,,,,,,,,,,,,,,,,,,,,,,,
,2021-06-24,52.21304,-106.08472,,,,,,,,,,,,,,,,,,,,,,,,,,,,,,,
,2021-06-22,50.60284,-106.12312,,,,,,,,,,,,,,,,,,,,,,,,,,,,,,,
,2021-06-23,52.20899,-106.08587,,,,,,,,,,,,,,,,,,,,,,,,,,,,,,,
,2021-06-23,52.21169,-106.08,,,,,,,,,,,,,,,,,,,,,,,,,,,,,,,
,2021-07-22,52.20899,-106.08587,,,,,,,,,,,,,,,,,,,,,,,,,,,,,,,
,2021-07-22,50.60284,-106.12312,,,,,,,,,,,,,,,,,,,,,,,,,,,,,,,
,2021-07-22,52.21169,-106.08,,,,,,,,,,,,,,,,,,,,,,,,,,,,,,,
